parent|child|cont_jacc|containment|jaccard
ckan_keywords_2011|ckan_subject_nature_and_environment|35.99999999999997|1.0|0.0277777777777778
ckan_keywords_2015|ckan_keywords_ontario|7.027027027027042|1.0|0.142307692307692
ckan_keywords_2015 games|ckan_keywords_ontario|7.027027027027042|1.0|0.142307692307692
ckan_keywords_aboriginal lands|ckan_subject_government_and_politics|47.875000000000064|1.0|0.02088772845953
ckan_keywords_abundance|ckan_keywords_british columbia|115.00000000000004|1.0|0.00869565217391304
ckan_keywords_acan|ckan_subject_economics_and_industry|133.00000000000006|1.0|0.0075187969924812
ckan_keywords_accident|ckan_subject_health_and_safety|116.00000000000004|1.0|0.00862068965517241
ckan_keywords_aerial survey|ckan_keywords_british columbia|115.00000000000004|1.0|0.00869565217391304
ckan_keywords_agricultural land|ckan_subject_nature_and_environment|71.99999999999994|1.0|0.0138888888888889
ckan_keywords_agricultural regions|ckan_subject_nature_and_environment|71.99999999999994|1.0|0.0138888888888889
ckan_keywords_agriculture|ckan_subject_nature_and_environment|71.99999999999994|1.0|0.0138888888888889
ckan_keywords_aids|ckan_subject_health_and_safety|116.00000000000004|1.0|0.00862068965517241
ckan_keywords_air|ckan_subject_nature_and_environment|23.999999999999982|1.0|0.0416666666666667
ckan_keywords_air and climate|ckan_keywords_province|20.000000000000025|0.153846153846154|0.00769230769230769
ckan_keywords_air pollutant emission inventory|ckan_keywords_province|62.75|0.5|0.00796812749003984
ckan_keywords_air pollutants|ckan_keywords_province|25.699999999999985|0.2|0.00778210116731518
ckan_keywords_air pollution|ckan_keywords_province|21.583333333333382|0.166666666666667|0.00772200772200772
ckan_keywords_air quality|ckan_subject_nature_and_environment|71.99999999999994|1.0|0.0138888888888889
ckan_keywords_air temperature|ckan_keywords_ontario|7.027027027027042|1.0|0.142307692307692
ckan_keywords_altimeter|ckan_keywords_ontario|14.44444444444445|1.0|0.0692307692307692
ckan_keywords_ambient levels|ckan_subject_nature_and_environment|71.99999999999994|1.0|0.0138888888888889
ckan_keywords_ambient temperature|ckan_keywords_ontario|7.027027027027042|1.0|0.142307692307692
ckan_keywords_ammonia|ckan_keywords_province|42.166666666666615|0.333333333333333|0.00790513833992095
ckan_keywords_annual index|ckan_subject_nature_and_environment|35.99999999999997|1.0|0.0277777777777778
ckan_keywords_appeal|ckan_subject_law|5.9999999999999885|1.0|0.166666666666667
ckan_keywords_appeal decisions|ckan_keywords_day parole|2.5|1.0|0.4
ckan_keywords_appeal decisions|ckan_keywords_detention|2.5|1.0|0.4
ckan_keywords_appeal decisions|ckan_keywords_escorted temporary absence|2.5|1.0|0.4
ckan_keywords_appeal decisions|ckan_keywords_full parole|2.5|1.0|0.4
ckan_keywords_appeal decisions|ckan_keywords_long term supervision|2.5|1.0|0.4
ckan_keywords_appeal decisions|ckan_keywords_one chance statutory release|2.5|1.0|0.4
ckan_keywords_appeal decisions|ckan_keywords_parole|3.000000000000003|1.0|0.333333333333333
ckan_keywords_appeal decisions|ckan_keywords_revocation|2.5|1.0|0.4
ckan_keywords_appeal decisions|ckan_keywords_suspension|2.5|1.0|0.4
ckan_keywords_appeal decisions|ckan_keywords_unescorted temporary absence|2.5|1.0|0.4
ckan_keywords_appeal decisions|ckan_subject_law|5.9999999999999885|1.0|0.166666666666667
ckan_keywords_aquaculture|ckan_keywords_british columbia|76.66666666666647|1.0|0.0130434782608696
ckan_keywords_arson|ckan_subject_health_and_safety|116.00000000000004|1.0|0.00862068965517241
ckan_keywords_assess status of species|ckan_subject_nature_and_environment|144.00000000000009|1.0|0.00694444444444444
ckan_keywords_atlantic - prince edward island (pe)|ckan_subject_nature_and_environment|144.00000000000009|1.0|0.00694444444444444
ckan_keywords_atmospheric monitoring|ckan_keywords_ontario|7.027027027027042|1.0|0.142307692307692
ckan_keywords_automated stations|ckan_keywords_ontario|14.44444444444445|1.0|0.0692307692307692
ckan_keywords_availability|ckan_subject_science_and_technology|25.0|1.0|0.04
ckan_keywords_avalanche|ckan_subject_health_and_safety|116.00000000000004|1.0|0.00862068965517241
ckan_keywords_average density|ckan_subject_nature_and_environment|144.00000000000009|1.0|0.00694444444444444
ckan_keywords_average wage|ckan_subject_labour|125.0|1.0|0.008
ckan_keywords_aviation|ckan_keywords_ontario|14.44444444444445|1.0|0.0692307692307692
ckan_keywords_awards|ckan_subject_economics_and_industry|133.00000000000006|1.0|0.0075187969924812
ckan_keywords_awos|ckan_keywords_ontario|14.44444444444445|1.0|0.0692307692307692
ckan_keywords_bc|ckan_keywords_british columbia|76.66666666666647|1.0|0.0130434782608696
ckan_keywords_benefits|ckan_subject_society_and_culture|14.999999999999995|1.0|0.0666666666666667
ckan_keywords_bibliographic information|ckan_subject_nature_and_environment|72.50000000000001|0.5|0.00689655172413793
ckan_keywords_biological|ckan_subject_health_and_safety|116.00000000000004|1.0|0.00862068965517241
ckan_keywords_bird species|ckan_subject_nature_and_environment|144.00000000000009|1.0|0.00694444444444444
ckan_keywords_birds|ckan_subject_nature_and_environment|35.99999999999997|1.0|0.0277777777777778
ckan_keywords_bomb|ckan_subject_health_and_safety|116.00000000000004|1.0|0.00862068965517241
ckan_keywords_boucherville islands|ckan_subject_nature_and_environment|35.99999999999997|1.0|0.0277777777777778
ckan_keywords_british columbia|ckan_keywords_lampetra richardsoni; variety marifuga|230.00000000000009|1.0|0.00434782608695652
ckan_keywords_british columbia|ckan_keywords_morrison creek lamprey|230.00000000000009|1.0|0.00434782608695652
ckan_keywords_british columbia|ckan_keywords_species at risk|230.00000000000009|1.0|0.00434782608695652
ckan_keywords_british columbia|ckan_keywords_wildlife|33.571428571428605|0.285714285714286|0.00851063829787234
ckan_keywords_british columbia|ckan_topiccategory_inland_waters|230.00000000000009|1.0|0.00434782608695652
ckan_keywords_british columbia (bc)|ckan_keywords_british columbia|115.49999999999997|0.5|0.00432900432900433
ckan_keywords_broadband|ckan_subject_science_and_technology|25.0|1.0|0.04
ckan_keywords_business|ckan_subject_nature_and_environment|35.99999999999997|1.0|0.0277777777777778
ckan_keywords_canada pension plan|ckan_subject_society_and_culture|9.000000000000009|1.0|0.111111111111111
ckan_keywords_canada student loan|ckan_subject_education_and_training|49.00000000000006|1.0|0.0204081632653061
ckan_keywords_canada warbler|ckan_subject_nature_and_environment|144.00000000000009|1.0|0.00694444444444444
ckan_keywords_canadian arctic|ckan_subject_nature_and_environment|48.00000000000008|1.0|0.0208333333333333
ckan_keywords_canadian environmental protection act|ckan_subject_nature_and_environment|23.999999999999982|1.0|0.0416666666666667
ckan_keywords_canadian radiological monitoring network|ckan_subject_health_and_safety|116.00000000000004|1.0|0.00862068965517241
ckan_keywords_canadian radiological monitoring network|ckan_subject_nature_and_environment|144.00000000000009|1.0|0.00694444444444444
ckan_keywords_canadian rivers|ckan_subject_nature_and_environment|71.99999999999994|1.0|0.0138888888888889
ckan_keywords_cansim|ckan_subject_information_and_communications|35.428571428571466|0.761904761904762|0.021505376344086
ckan_keywords_cansim|ckan_subject_law|31.29166666666664|0.5|0.0159786950732357
ckan_keywords_cansim|ckan_subject_transport|20.638888888888893|0.888888888888889|0.0430686406460296
ckan_keywords_carbon monoxide|ckan_keywords_province|62.75|0.5|0.00796812749003984
ckan_keywords_catastrophe|ckan_subject_health_and_safety|116.00000000000004|1.0|0.00862068965517241
ckan_keywords_census of population|ckan_keywords_education|5.800000000000009|1.0|0.172413793103448
ckan_keywords_charadriiformes|ckan_subject_nature_and_environment|144.00000000000009|1.0|0.00694444444444444
ckan_keywords_charadriiformes|ckan_subject_science_and_technology|50.0|1.0|0.02
ckan_keywords_chemical|ckan_subject_nature_and_environment|35.99999999999997|1.0|0.0277777777777778
ckan_keywords_climate|ckan_subject_nature_and_environment|48.00000000000008|1.0|0.0208333333333333
ckan_keywords_cloud amount|ckan_keywords_ontario|14.44444444444445|1.0|0.0692307692307692
ckan_keywords_cloud height|ckan_keywords_ontario|14.44444444444445|1.0|0.0692307692307692
ckan_keywords_cloud opacity|ckan_keywords_ontario|14.44444444444445|1.0|0.0692307692307692
ckan_keywords_conditional release|ckan_keywords_appeal|3.000000000000003|1.0|0.333333333333333
ckan_keywords_conditional release decision|ckan_subject_law|4.0|1.0|0.25
ckan_keywords_conditional release decisions|ckan_subject_law|4.0|1.0|0.25
ckan_keywords_conditional release review|ckan_subject_law|4.0|1.0|0.25
ckan_keywords_conflict|ckan_subject_health_and_safety|116.00000000000004|1.0|0.00862068965517241
ckan_keywords_conservation programs|ckan_subject_nature_and_environment|48.00000000000008|1.0|0.0208333333333333
ckan_keywords_conservation projects|ckan_subject_nature_and_environment|48.00000000000008|1.0|0.0208333333333333
ckan_keywords_construction-related payment|ckan_subject_economics_and_industry|1064.0000000000005|1.0|0.00093984962406015
ckan_keywords_core public administration|ckan_subject_government_and_politics|95.75000000000013|1.0|0.010443864229765
ckan_keywords_coverage|ckan_subject_science_and_technology|25.0|1.0|0.04
ckan_keywords_cpp|ckan_subject_society_and_culture|9.000000000000009|1.0|0.111111111111111
ckan_keywords_critical|ckan_keywords_british columbia|230.00000000000009|1.0|0.00434782608695652
ckan_keywords_critical infrastructure|ckan_subject_health_and_safety|116.00000000000004|1.0|0.00862068965517241
ckan_keywords_defence construction canada|ckan_subject_economics_and_industry|1064.0000000000005|1.0|0.00093984962406015
ckan_keywords_defined contributions|ckan_subject_economics_and_industry|532.0000000000002|1.0|0.0018796992481203
ckan_keywords_demography|ckan_subject_persons|8.333333333333334|1.0|0.12
ckan_keywords_derailment|ckan_subject_health_and_safety|116.00000000000004|1.0|0.00862068965517241
ckan_keywords_dew point temperature|ckan_keywords_ontario|14.44444444444445|1.0|0.0692307692307692
ckan_keywords_direction|ckan_keywords_ontario|7.027027027027042|1.0|0.142307692307692
ckan_keywords_disaster|ckan_subject_health_and_safety|116.00000000000004|1.0|0.00862068965517241
ckan_keywords_disposal|ckan_subject_nature_and_environment|35.99999999999997|1.0|0.0277777777777778
ckan_keywords_disturbance|ckan_subject_health_and_safety|116.00000000000004|1.0|0.00862068965517241
ckan_keywords_diversity|ckan_subject_nature_and_environment|71.99999999999994|1.0|0.0138888888888889
ckan_keywords_downstream|ckan_subject_nature_and_environment|71.99999999999994|1.0|0.0138888888888889
ckan_keywords_dpsp|ckan_subject_economics_and_industry|532.0000000000002|1.0|0.0018796992481203
ckan_keywords_drainage region|ckan_subject_nature_and_environment|71.99999999999994|1.0|0.0138888888888889
ckan_keywords_drinking water|ckan_subject_nature_and_environment|72.50000000000001|0.5|0.00689655172413793
ckan_keywords_drought|ckan_subject_health_and_safety|116.00000000000004|1.0|0.00862068965517241
ckan_keywords_earnings|ckan_subject_labour|125.0|1.0|0.008
ckan_keywords_earthquake|ckan_subject_health_and_safety|116.00000000000004|1.0|0.00862068965517241
ckan_keywords_ebm|ckan_subject_nature_and_environment|71.99999999999994|1.0|0.0138888888888889
ckan_keywords_ecosystem risk assessment framework|ckan_subject_nature_and_environment|71.99999999999994|1.0|0.0138888888888889
ckan_keywords_ecosystem-based management|ckan_subject_nature_and_environment|71.99999999999994|1.0|0.0138888888888889
ckan_keywords_ecosystems|ckan_subject_nature_and_environment|144.00000000000009|1.0|0.00694444444444444
ckan_keywords_educational assistance payment - eap|ckan_subject_education_and_training|49.00000000000006|1.0|0.0204081632653061
ckan_keywords_ehv mpa|ckan_subject_nature_and_environment|71.99999999999994|1.0|0.0138888888888889
ckan_keywords_emergency|ckan_subject_health_and_safety|116.00000000000004|1.0|0.00862068965517241
ckan_keywords_emissions|ckan_keywords_province|14.722222222222216|0.111111111111111|0.00754716981132075
ckan_keywords_endeavour hydrothermal vents marine protected area|ckan_subject_nature_and_environment|71.99999999999994|1.0|0.0138888888888889
ckan_keywords_energy|ckan_subject_health_and_safety|116.00000000000004|1.0|0.00862068965517241
ckan_keywords_energy recovery|ckan_subject_nature_and_environment|35.99999999999997|1.0|0.0277777777777778
ckan_keywords_environment|ckan_subject_nature_and_environment|10.285714285714288|1.0|0.0972222222222222
ckan_keywords_environment canada|ckan_keywords_ontario|7.027027027027042|1.0|0.142307692307692
ckan_keywords_environmental indicator|ckan_subject_nature_and_environment|71.99999999999994|1.0|0.0138888888888889
ckan_keywords_environmental performance|ckan_subject_nature_and_environment|35.99999999999997|1.0|0.0277777777777778
ckan_keywords_environmental programs|ckan_subject_nature_and_environment|35.99999999999997|1.0|0.0277777777777778
ckan_keywords_environmental radioactivity monitoring|ckan_subject_nature_and_environment|144.00000000000009|1.0|0.00694444444444444
ckan_keywords_epidemic|ckan_subject_health_and_safety|116.00000000000004|1.0|0.00862068965517241
ckan_keywords_eraf|ckan_subject_nature_and_environment|71.99999999999994|1.0|0.0138888888888889
ckan_keywords_eskimo curlew; range; downloadable data|ckan_subject_nature_and_environment|144.00000000000009|1.0|0.00694444444444444
ckan_keywords_explosion|ckan_subject_health_and_safety|116.00000000000004|1.0|0.00862068965517241
ckan_keywords_explosive|ckan_subject_health_and_safety|116.00000000000004|1.0|0.00862068965517241
ckan_keywords_extinct|ckan_subject_nature_and_environment|71.99999999999994|1.0|0.0138888888888889
ckan_keywords_extirpated|ckan_subject_nature_and_environment|71.99999999999994|1.0|0.0138888888888889
ckan_keywords_facilities|ckan_subject_nature_and_environment|35.99999999999997|1.0|0.0277777777777778
ckan_keywords_farmland|ckan_subject_nature_and_environment|71.99999999999994|1.0|0.0138888888888889
ckan_keywords_federal provincial agreements|ckan_subject_nature_and_environment|20.571428571428577|1.0|0.0486111111111111
ckan_keywords_financial position|ckan_subject_government_and_politics|191.49999999999986|1.0|0.00522193211488251
ckan_keywords_fine particulate matter|ckan_keywords_province|124.50000000000007|1.0|0.00803212851405622
ckan_keywords_first nations|ckan_subject_health_and_safety|116.00000000000004|1.0|0.00862068965517241
ckan_keywords_fish|ckan_keywords_british columbia|230.00000000000009|1.0|0.00434782608695652
ckan_keywords_fish farming|ckan_keywords_british columbia|76.66666666666647|1.0|0.0130434782608696
ckan_keywords_fisheries and oceans canada|ckan_keywords_british columbia|76.66666666666647|1.0|0.0130434782608696
ckan_keywords_flood|ckan_subject_health_and_safety|116.00000000000004|1.0|0.00862068965517241
ckan_keywords_geological|ckan_subject_health_and_safety|116.00000000000004|1.0|0.00862068965517241
ckan_keywords_geomagnetic storm|ckan_subject_health_and_safety|116.00000000000004|1.0|0.00862068965517241
ckan_keywords_government-wide chart of accounts|ckan_subject_government_and_politics|63.83333333333341|1.0|0.0156657963446475
ckan_keywords_great lakes|ckan_keywords_ontario|13.684210526315786|1.0|0.0730769230769231
ckan_keywords_habitat|ckan_keywords_british columbia|77.33333333333319|0.333333333333333|0.00431034482758621
ckan_keywords_habitat capacity|ckan_subject_nature_and_environment|71.99999999999994|1.0|0.0138888888888889
ckan_keywords_habitat joint ventures|ckan_subject_nature_and_environment|48.00000000000008|1.0|0.0208333333333333
ckan_keywords_habitat secured|ckan_subject_nature_and_environment|48.00000000000008|1.0|0.0208333333333333
ckan_keywords_habitats|ckan_keywords_british columbia|77.33333333333319|0.333333333333333|0.00431034482758621
ckan_keywords_harlequin duck; range map; downloadable data|ckan_subject_nature_and_environment|144.00000000000009|1.0|0.00694444444444444
ckan_keywords_haulout location|ckan_keywords_british columbia|115.00000000000004|1.0|0.00869565217391304
ckan_keywords_health and safety|ckan_subject_health_and_safety|116.00000000000004|1.0|0.00862068965517241
ckan_keywords_health canada|ckan_subject_nature_and_environment|144.00000000000009|1.0|0.00694444444444444
ckan_keywords_health care system|ckan_subject_health_and_safety|116.00000000000004|1.0|0.00862068965517241
ckan_keywords_hearing|ckan_subject_law|4.0|1.0|0.25
ckan_keywords_hexagon|ckan_subject_science_and_technology|25.0|1.0|0.04
ckan_keywords_hierarchical bayesian|ckan_subject_nature_and_environment|35.99999999999997|1.0|0.0277777777777778
ckan_keywords_hijacking|ckan_subject_health_and_safety|116.00000000000004|1.0|0.00862068965517241
ckan_keywords_human impacts|ckan_subject_nature_and_environment|71.99999999999994|1.0|0.0138888888888889
ckan_keywords_humidity|ckan_keywords_ontario|14.44444444444445|1.0|0.0692307692307692
ckan_keywords_hurricane|ckan_subject_health_and_safety|116.00000000000004|1.0|0.00862068965517241
ckan_keywords_ice|ckan_subject_nature_and_environment|48.00000000000008|1.0|0.0208333333333333
ckan_keywords_immunization.|ckan_subject_health_and_safety|116.00000000000004|1.0|0.00862068965517241
ckan_keywords_incident|ckan_subject_health_and_safety|116.00000000000004|1.0|0.00862068965517241
ckan_keywords_industry|ckan_subject_nature_and_environment|35.99999999999997|1.0|0.0277777777777778
ckan_keywords_infestation|ckan_subject_health_and_safety|116.00000000000004|1.0|0.00862068965517241
ckan_keywords_inshore waters|ckan_subject_nature_and_environment|144.00000000000009|1.0|0.00694444444444444
ckan_keywords_international comparison|ckan_subject_nature_and_environment|71.99999999999994|1.0|0.0138888888888889
ckan_keywords_internet service providers|ckan_subject_science_and_technology|25.0|1.0|0.04
ckan_keywords_inventory|ckan_subject_nature_and_environment|35.99999999999997|1.0|0.0277777777777778
ckan_keywords_journal articles|ckan_subject_nature_and_environment|72.50000000000001|0.5|0.00689655172413793
ckan_keywords_kidnapping|ckan_subject_health_and_safety|116.00000000000004|1.0|0.00862068965517241
ckan_keywords_lake ontario|ckan_keywords_ontario|13.684210526315786|1.0|0.0730769230769231
ckan_keywords_lake temperature|ckan_keywords_ontario|13.684210526315786|1.0|0.0730769230769231
ckan_keywords_lake winnipeg|ckan_subject_nature_and_environment|35.99999999999997|1.0|0.0277777777777778
ckan_keywords_land|ckan_subject_nature_and_environment|35.99999999999997|1.0|0.0277777777777778
ckan_keywords_landfill|ckan_subject_nature_and_environment|35.99999999999997|1.0|0.0277777777777778
ckan_keywords_landslide|ckan_subject_health_and_safety|116.00000000000004|1.0|0.00862068965517241
ckan_keywords_language|ckan_subject_persons|8.333333333333334|1.0|0.12
ckan_keywords_lead|ckan_subject_nature_and_environment|35.99999999999997|1.0|0.0277777777777778
ckan_keywords_leak|ckan_subject_health_and_safety|116.00000000000004|1.0|0.00862068965517241
ckan_keywords_leave type|ckan_subject_government_and_politics|95.75000000000013|1.0|0.010443864229765
ckan_keywords_man-made|ckan_subject_health_and_safety|116.00000000000004|1.0|0.00862068965517241
ckan_keywords_map|ckan_subject_nature_and_environment|35.99999999999997|1.0|0.0277777777777778
ckan_keywords_marine biology|ckan_keywords_british columbia|115.00000000000004|1.0|0.00869565217391304
ckan_keywords_marketing|ckan_subject_health_and_safety|116.00000000000004|1.0|0.00862068965517241
ckan_keywords_mean sea level pressure|ckan_keywords_ontario|14.44444444444445|1.0|0.0692307692307692
ckan_keywords_metals|ckan_subject_nature_and_environment|14.400000000000007|1.0|0.0694444444444444
ckan_keywords_meteorological|ckan_subject_health_and_safety|116.00000000000004|1.0|0.00862068965517241
ckan_keywords_meteorological service of canada|ckan_keywords_ontario|7.027027027027042|1.0|0.142307692307692
ckan_keywords_migratory bird|ckan_keywords_environmental indicators|42.000000000000014|1.0|0.0238095238095238
ckan_keywords_migratory bird|ckan_keywords_nature|12.000000000000005|1.0|0.0833333333333333
ckan_keywords_migratory bird|ckan_subject_nature_and_environment|144.00000000000009|1.0|0.00694444444444444
ckan_keywords_migratory bird|ckan_subject_society_and_culture|45.00000000000005|1.0|0.0222222222222222
ckan_keywords_minutely data|ckan_keywords_ontario|14.44444444444445|1.0|0.0692307692307692
ckan_keywords_monitoring|ckan_subject_nature_and_environment|14.400000000000007|1.0|0.0694444444444444
ckan_keywords_moored buoy|ckan_keywords_ontario|13.684210526315786|1.0|0.0730769230769231
ckan_keywords_msc|ckan_keywords_ontario|7.027027027027042|1.0|0.142307692307692
ckan_keywords_msl|ckan_keywords_ontario|14.44444444444445|1.0|0.0692307692307692
ckan_keywords_multi-year ice|ckan_subject_nature_and_environment|48.00000000000008|1.0|0.0208333333333333
ckan_keywords_national|ckan_subject_nature_and_environment|18.25|0.75|0.0410958904109589
ckan_keywords_national monitoring section|ckan_subject_nature_and_environment|144.00000000000009|1.0|0.00694444444444444
ckan_keywords_natural|ckan_subject_health_and_safety|116.00000000000004|1.0|0.00862068965517241
ckan_keywords_nature and biodiversity|ckan_subject_nature_and_environment|144.00000000000009|1.0|0.00694444444444444
ckan_keywords_nature and biodiversity - habitat|ckan_keywords_british columbia|58.25000000000002|0.25|0.00429184549356223
ckan_keywords_nature conservation|ckan_subject_nature_and_environment|35.99999999999997|1.0|0.0277777777777778
ckan_keywords_nitrogen oxides|ckan_keywords_province|31.875|0.25|0.00784313725490196
ckan_keywords_north american waterfowl management plan|ckan_subject_nature_and_environment|48.00000000000008|1.0|0.0208333333333333
ckan_keywords_npri|ckan_subject_nature_and_environment|35.99999999999997|1.0|0.0277777777777778
ckan_keywords_nuclear|ckan_subject_health_and_safety|116.00000000000004|1.0|0.00862068965517241
ckan_keywords_nutrients|ckan_subject_nature_and_environment|10.285714285714288|1.0|0.0972222222222222
ckan_keywords_nutrition facts table|ckan_subject_health_and_safety|116.00000000000004|1.0|0.00862068965517241
ckan_keywords_obesity|ckan_subject_health_and_safety|116.00000000000004|1.0|0.00862068965517241
ckan_keywords_oceans|ckan_keywords_british columbia|77.00000000000001|0.666666666666667|0.00865800865800866
ckan_keywords_ochro|ckan_subject_government_and_politics|95.75000000000013|1.0|0.010443864229765
ckan_keywords_ochro|ckan_subject_labour|31.25|1.0|0.032
ckan_keywords_oecd|ckan_subject_nature_and_environment|71.99999999999994|1.0|0.0138888888888889
ckan_keywords_offshore waters|ckan_subject_nature_and_environment|144.00000000000009|1.0|0.00694444444444444
ckan_keywords_ontario|ckan_keywords_buoy|13.684210526315786|1.0|0.0730769230769231
ckan_keywords_ontario|ckan_keywords_cloud base|14.44444444444445|1.0|0.0692307692307692
ckan_keywords_ontario|ckan_keywords_environment and climate change canada|7.027027027027042|1.0|0.142307692307692
ckan_keywords_ontario|ckan_keywords_gust|7.027027027027042|1.0|0.142307692307692
ckan_keywords_ontario|ckan_keywords_marine|13.684210526315786|1.0|0.0730769230769231
ckan_keywords_ontario|ckan_keywords_meteorology|7.027027027027042|1.0|0.142307692307692
ckan_keywords_ontario|ckan_keywords_nav canada|14.44444444444445|1.0|0.0692307692307692
ckan_keywords_ontario|ckan_keywords_present weather|14.44444444444445|1.0|0.0692307692307692
ckan_keywords_ontario|ckan_keywords_sea surface temperature|13.684210526315786|1.0|0.0730769230769231
ckan_keywords_ontario|ckan_keywords_station pressure|7.027027027027042|1.0|0.142307692307692
ckan_keywords_ontario|ckan_keywords_technology|7.027027027027042|1.0|0.142307692307692
ckan_keywords_ontario|ckan_keywords_watchkeeper|13.684210526315786|1.0|0.0730769230769231
ckan_keywords_ontario|ckan_keywords_wave height|13.684210526315786|1.0|0.0730769230769231
ckan_keywords_ontario|ckan_keywords_weather observations|7.027027027027042|1.0|0.142307692307692
ckan_keywords_ontario|ckan_keywords_weather stations|7.027027027027042|1.0|0.142307692307692
ckan_keywords_ontario|ckan_keywords_wet bulb temperature|14.44444444444445|1.0|0.0692307692307692
ckan_keywords_ontario|ckan_keywords_wind|7.027027027027042|1.0|0.142307692307692
ckan_keywords_organics|ckan_subject_nature_and_environment|48.00000000000008|1.0|0.0208333333333333
ckan_keywords_organisation for economic co-operation and development|ckan_subject_nature_and_environment|71.99999999999994|1.0|0.0138888888888889
ckan_keywords_other|ckan_subject_nature_and_environment|144.00000000000009|1.0|0.00694444444444444
ckan_keywords_oversee and manage site conditions|ckan_subject_nature_and_environment|144.00000000000009|1.0|0.00694444444444444
ckan_keywords_pacfic|ckan_keywords_british columbia|230.00000000000009|1.0|0.00434782608695652
ckan_keywords_pacific|ckan_keywords_british columbia|38.99999999999995|0.333333333333333|0.00854700854700855
ckan_keywords_pacific region|ckan_keywords_british columbia|76.66666666666647|1.0|0.0130434782608696
ckan_keywords_pan am|ckan_keywords_ontario|7.027027027027042|1.0|0.142307692307692
ckan_keywords_pandemic|ckan_subject_health_and_safety|116.00000000000004|1.0|0.00862068965517241
ckan_keywords_parapan am|ckan_keywords_ontario|7.027027027027042|1.0|0.142307692307692
ckan_keywords_pb|ckan_subject_nature_and_environment|35.99999999999997|1.0|0.0277777777777778
ckan_keywords_peak wave height|ckan_keywords_ontario|13.684210526315786|1.0|0.0730769230769231
ckan_keywords_pelagic|ckan_subject_nature_and_environment|144.00000000000009|1.0|0.00694444444444444
ckan_keywords_personal income taxes|ckan_keywords_canada revenue agency|13.35|1.0|0.0749063670411985
ckan_keywords_pollutant|ckan_subject_nature_and_environment|35.99999999999997|1.0|0.0277777777777778
ckan_keywords_pollution|ckan_subject_nature_and_environment|14.400000000000007|1.0|0.0694444444444444
ckan_keywords_pollution prevention|ckan_subject_nature_and_environment|35.99999999999997|1.0|0.0277777777777778
ckan_keywords_population distribution|ckan_keywords_british columbia|115.00000000000004|1.0|0.00869565217391304
ckan_keywords_power failure|ckan_subject_health_and_safety|116.00000000000004|1.0|0.00862068965517241
ckan_keywords_precipitation|ckan_keywords_solar radiation|19.000000000000007|1.0|0.0526315789473684
ckan_keywords_pressure|ckan_keywords_ontario|7.027027027027042|1.0|0.142307692307692
ckan_keywords_pressure tendency|ckan_keywords_ontario|14.44444444444445|1.0|0.0692307692307692
ckan_keywords_pressures|ckan_subject_nature_and_environment|71.99999999999994|1.0|0.0138888888888889
ckan_keywords_procellariiformes|ckan_subject_nature_and_environment|144.00000000000009|1.0|0.00694444444444444
ckan_keywords_production|ckan_subject_nature_and_environment|71.99999999999994|1.0|0.0138888888888889
ckan_keywords_psea|ckan_subject_government_and_politics|95.75000000000013|1.0|0.010443864229765
ckan_keywords_publications|ckan_subject_agriculture|23.499999999999947|0.5|0.0212765957446809
ckan_keywords_publications|ckan_subject_nature_and_environment|72.50000000000001|0.5|0.00689655172413793
ckan_keywords_publications|ckan_subject_persons|38.000000000000014|0.5|0.0131578947368421
ckan_keywords_publishing|ckan_subject_nature_and_environment|72.50000000000001|0.5|0.00689655172413793
ckan_keywords_quebec (qc)|ckan_subject_nature_and_environment|144.00000000000009|1.0|0.00694444444444444
ckan_keywords_radiation protection bureau|ckan_subject_nature_and_environment|144.00000000000009|1.0|0.00694444444444444
ckan_keywords_radiological|ckan_subject_health_and_safety|116.00000000000004|1.0|0.00862068965517241
ckan_keywords_radon|ckan_subject_health_and_safety|116.00000000000004|1.0|0.00862068965517241
ckan_keywords_rainfall|ckan_keywords_ontario|14.44444444444445|1.0|0.0692307692307692
ckan_keywords_range map|ckan_subject_nature_and_environment|144.00000000000009|1.0|0.00694444444444444
ckan_keywords_raw data|ckan_keywords_ontario|7.027027027027042|1.0|0.142307692307692
ckan_keywords_recycling|ckan_subject_nature_and_environment|35.99999999999997|1.0|0.0277777777777778
ckan_keywords_regional|ckan_subject_nature_and_environment|71.99999999999994|1.0|0.0138888888888889
ckan_keywords_regional ecosystems|ckan_subject_nature_and_environment|35.99999999999997|1.0|0.0277777777777778
ckan_keywords_relative humidity|ckan_keywords_ontario|13.736842105263166|0.947368421052632|0.0689655172413793
ckan_keywords_relative humidity|ckan_keywords_solar radiation|19.000000000000007|1.0|0.0526315789473684
ckan_keywords_release|ckan_subject_nature_and_environment|35.99999999999997|1.0|0.0277777777777778
ckan_keywords_releases|ckan_subject_nature_and_environment|23.999999999999982|1.0|0.0416666666666667
ckan_keywords_research|ckan_keywords_ontario|13.684210526315786|1.0|0.0730769230769231
ckan_keywords_respond to environmental emergencies|ckan_subject_nature_and_environment|144.00000000000009|1.0|0.00694444444444444
ckan_keywords_review|ckan_subject_law|4.0|1.0|0.25
ckan_keywords_riot|ckan_subject_health_and_safety|116.00000000000004|1.0|0.00862068965517241
ckan_keywords_rivers|ckan_subject_nature_and_environment|14.400000000000007|1.0|0.0694444444444444
ckan_keywords_salmon farming|ckan_keywords_british columbia|76.66666666666647|1.0|0.0130434782608696
ckan_keywords_sara|ckan_keywords_british columbia|230.00000000000009|1.0|0.00434782608695652
ckan_keywords_saskatchewan|ckan_subject_economics_and_industry|4.771300448430483|1.0|0.209586466165414
ckan_keywords_science|ckan_keywords_ontario|13.684210526315786|1.0|0.0730769230769231
ckan_keywords_scientific information|ckan_keywords_british columbia|76.66666666666647|1.0|0.0130434782608696
ckan_keywords_scientific research|ckan_keywords_british columbia|76.66666666666647|1.0|0.0130434782608696
ckan_keywords_sea ice|ckan_subject_nature_and_environment|48.00000000000008|1.0|0.0208333333333333
ckan_keywords_sea ice area|ckan_subject_nature_and_environment|48.00000000000008|1.0|0.0208333333333333
ckan_keywords_seabirds|ckan_subject_nature_and_environment|144.00000000000009|1.0|0.00694444444444444
ckan_keywords_seasons|ckan_subject_nature_and_environment|144.00000000000009|1.0|0.00694444444444444
ckan_keywords_secure|ckan_subject_nature_and_environment|71.99999999999994|1.0|0.0138888888888889
ckan_keywords_seeded|ckan_subject_agriculture|46.000000000000014|1.0|0.0217391304347826
ckan_keywords_seeded|ckan_subject_economics_and_industry|1064.0000000000005|1.0|0.00093984962406015
ckan_keywords_significant wave height|ckan_keywords_ontario|13.684210526315786|1.0|0.0730769230769231
ckan_keywords_smog|ckan_subject_nature_and_environment|35.99999999999997|1.0|0.0277777777777778
ckan_keywords_snow|ckan_subject_health_and_safety|116.00000000000004|1.0|0.00862068965517241
ckan_keywords_solar flare|ckan_subject_health_and_safety|116.00000000000004|1.0|0.00862068965517241
ckan_keywords_sources|ckan_keywords_province|31.875|0.25|0.00784313725490196
ckan_keywords_southern ontario|ckan_keywords_ontario|7.027027027027042|1.0|0.142307692307692
ckan_keywords_species|ckan_keywords_british columbia|58.25000000000002|0.25|0.00429184549356223
ckan_keywords_species at risk act|ckan_keywords_british columbia|230.00000000000009|1.0|0.00434782608695652
ckan_keywords_species at risk act|ckan_subject_nature_and_environment|144.00000000000009|1.0|0.00694444444444444
ckan_keywords_speed|ckan_keywords_ontario|7.027027027027042|1.0|0.142307692307692
ckan_keywords_sst|ckan_keywords_ontario|13.684210526315786|1.0|0.0730769230769231
ckan_keywords_st. lawrence river|ckan_subject_nature_and_environment|35.99999999999997|1.0|0.0277777777777778
ckan_keywords_status|ckan_subject_nature_and_environment|13.09090909090909|1.0|0.0763888888888889
ckan_keywords_statutory release|ckan_subject_law|4.0|1.0|0.25
ckan_keywords_steller sea lion|ckan_keywords_british columbia|115.00000000000004|1.0|0.00869565217391304
ckan_keywords_storm|ckan_subject_health_and_safety|116.00000000000004|1.0|0.00862068965517241
ckan_keywords_storm surge|ckan_subject_health_and_safety|116.00000000000004|1.0|0.00862068965517241
ckan_keywords_substance|ckan_subject_nature_and_environment|35.99999999999997|1.0|0.0277777777777778
ckan_keywords_sulphur dioxide|ckan_subject_nature_and_environment|71.99999999999994|1.0|0.0138888888888889
ckan_keywords_sulphur oxides|ckan_keywords_province|42.166666666666615|0.333333333333333|0.00790513833992095
ckan_keywords_surveillance|ckan_subject_nature_and_environment|14.400000000000007|1.0|0.0694444444444444
ckan_keywords_technological|ckan_subject_health_and_safety|116.00000000000004|1.0|0.00862068965517241
ckan_keywords_temperature|ckan_keywords_solar radiation|38.000000000000014|1.0|0.0263157894736842
ckan_keywords_territories - northwest territories (nt)|ckan_subject_nature_and_environment|71.99999999999994|1.0|0.0138888888888889
ckan_keywords_territories - nunavut (nu)|ckan_subject_nature_and_environment|71.99999999999994|1.0|0.0138888888888889
ckan_keywords_terrorist|ckan_subject_health_and_safety|116.00000000000004|1.0|0.00862068965517241
ckan_keywords_threats|ckan_subject_nature_and_environment|71.99999999999994|1.0|0.0138888888888889
ckan_keywords_to2015|ckan_keywords_ontario|7.027027027027042|1.0|0.142307692307692
ckan_keywords_tobacco|ckan_subject_health_and_safety|116.00000000000004|1.0|0.00862068965517241
ckan_keywords_tornado|ckan_subject_health_and_safety|116.00000000000004|1.0|0.00862068965517241
ckan_keywords_toronto|ckan_keywords_ontario|14.44444444444445|1.0|0.0692307692307692
ckan_keywords_toxic|ckan_subject_nature_and_environment|14.400000000000007|1.0|0.0694444444444444
ckan_keywords_toxic substances|ckan_subject_nature_and_environment|23.999999999999982|1.0|0.0416666666666667
ckan_keywords_treasury board secretariat|ckan_subject_government_and_politics|95.75000000000013|1.0|0.010443864229765
ckan_keywords_trends|ckan_subject_nature_and_environment|13.09090909090909|1.0|0.0763888888888889
ckan_keywords_tsunami|ckan_subject_health_and_safety|116.00000000000004|1.0|0.00862068965517241
ckan_keywords_underserved population|ckan_subject_science_and_technology|25.0|1.0|0.04
ckan_keywords_unserved population|ckan_subject_science_and_technology|25.0|1.0|0.04
ckan_keywords_upstream|ckan_subject_nature_and_environment|71.99999999999994|1.0|0.0138888888888889
ckan_keywords_vegetation|ckan_subject_nature_and_environment|71.99999999999994|1.0|0.0138888888888889
ckan_keywords_volanco|ckan_subject_health_and_safety|116.00000000000004|1.0|0.00862068965517241
ckan_keywords_volatile organic compound|ckan_subject_nature_and_environment|35.99999999999997|1.0|0.0277777777777778
ckan_keywords_volatile organic compounds|ckan_keywords_province|42.166666666666615|0.333333333333333|0.00790513833992095
ckan_keywords_warrant expiry date|ckan_subject_law|4.0|1.0|0.25
ckan_keywords_water|ckan_subject_nature_and_environment|10.285714285714288|1.0|0.0972222222222222
ckan_keywords_water - ocean basin - arctic ocean|ckan_subject_nature_and_environment|144.00000000000009|1.0|0.00694444444444444
ckan_keywords_water consumption|ckan_subject_nature_and_environment|71.99999999999994|1.0|0.0138888888888889
ckan_keywords_water pollution|ckan_subject_nature_and_environment|23.999999999999982|1.0|0.0416666666666667
ckan_keywords_water quality|ckan_subject_nature_and_environment|9.000000000000009|1.0|0.111111111111111
ckan_keywords_water quality guidelines|ckan_subject_nature_and_environment|71.99999999999994|1.0|0.0138888888888889
ckan_keywords_water quantity|ckan_subject_nature_and_environment|71.99999999999994|1.0|0.0138888888888889
ckan_keywords_water returned|ckan_subject_nature_and_environment|71.99999999999994|1.0|0.0138888888888889
ckan_keywords_water use|ckan_subject_nature_and_environment|71.99999999999994|1.0|0.0138888888888889
ckan_keywords_water withdrawal|ckan_subject_nature_and_environment|71.99999999999994|1.0|0.0138888888888889
ckan_keywords_wave|ckan_keywords_ontario|13.684210526315786|1.0|0.0730769230769231
ckan_keywords_wave period|ckan_keywords_ontario|13.684210526315786|1.0|0.0730769230769231
ckan_keywords_wave spread|ckan_keywords_ontario|13.684210526315786|1.0|0.0730769230769231
ckan_keywords_weather|ckan_keywords_solar radiation|38.000000000000014|1.0|0.0263157894736842
ckan_keywords_wetlands|ckan_subject_nature_and_environment|20.571428571428577|1.0|0.0486111111111111
ckan_keywords_wild plants|ckan_subject_nature_and_environment|71.99999999999994|1.0|0.0138888888888889
ckan_keywords_wild species|ckan_subject_nature_and_environment|71.99999999999994|1.0|0.0138888888888889
ckan_keywords_wind direction|ckan_keywords_ontario|7.027027027027042|1.0|0.142307692307692
ckan_keywords_wind speed|ckan_keywords_solar radiation|38.000000000000014|1.0|0.0263157894736842
ckan_keywords_youth|ckan_subject_health_and_safety|116.00000000000004|1.0|0.00862068965517241
ckan_subject_arts_music_literature|ckan_keywords_cansim|185.24999999999986|0.5|0.00269905533063428
ckan_subject_arts_music_literature|ckan_keywords_summary tables|25.750000000000053|0.5|0.0194174757281553
ckan_subject_economics_and_industry|ckan_keywords_acres|1064.0000000000005|1.0|0.00093984962406015
ckan_subject_economics_and_industry|ckan_keywords_administrator|266.0000000000001|1.0|0.0037593984962406
ckan_subject_economics_and_industry|ckan_keywords_alberta|4.771300448430483|1.0|0.209586466165414
ckan_subject_economics_and_industry|ckan_keywords_american economy|177.3333333333334|1.0|0.0056390977443609
ckan_subject_economics_and_industry|ckan_keywords_budgets|38.000000000000014|1.0|0.0263157894736842
ckan_subject_economics_and_industry|ckan_keywords_business function|1064.0000000000005|1.0|0.00093984962406015
ckan_subject_economics_and_industry|ckan_keywords_businesses|118.22222222222227|1.0|0.00845864661654135
ckan_subject_economics_and_industry|ckan_keywords_buy|1064.0000000000005|1.0|0.00093984962406015
ckan_subject_economics_and_industry|ckan_keywords_buyers|118.22222222222227|1.0|0.00845864661654135
ckan_subject_economics_and_industry|ckan_keywords_calendar year|44.33333333333335|1.0|0.0225563909774436
ckan_subject_economics_and_industry|ckan_keywords_canada|36.82758620689659|0.862068965517241|0.0234082397003745
ckan_subject_economics_and_industry|ckan_keywords_canadian|36.68965517241374|1.0|0.0272556390977444
ckan_subject_economics_and_industry|ckan_keywords_canadian construction association|1064.0000000000005|1.0|0.00093984962406015
ckan_subject_economics_and_industry|ckan_keywords_capacity|36.68965517241374|1.0|0.0272556390977444
ckan_subject_economics_and_industry|ckan_keywords_cca|1064.0000000000005|1.0|0.00093984962406015
ckan_subject_economics_and_industry|ckan_keywords_cgc|1064.0000000000005|1.0|0.00093984962406015
ckan_subject_economics_and_industry|ckan_keywords_class|532.0000000000002|1.0|0.0018796992481203
ckan_subject_economics_and_industry|ckan_keywords_classification|1064.0000000000005|1.0|0.00093984962406015
ckan_subject_economics_and_industry|ckan_keywords_cmhc|88.6666666666667|1.0|0.0112781954887218
ckan_subject_economics_and_industry|ckan_keywords_code|1064.0000000000005|1.0|0.00093984962406015
ckan_subject_economics_and_industry|ckan_keywords_commodity|1064.0000000000005|1.0|0.00093984962406015
ckan_subject_economics_and_industry|ckan_keywords_commodity classification|3.534883720930236|1.0|0.282894736842105
ckan_subject_economics_and_industry|ckan_keywords_construction|118.22222222222227|1.0|0.00845864661654135
ckan_subject_economics_and_industry|ckan_keywords_construction contracts|1064.0000000000005|1.0|0.00093984962406015
ckan_subject_economics_and_industry|ckan_keywords_construction industry|1064.0000000000005|1.0|0.00093984962406015
ckan_subject_economics_and_industry|ckan_keywords_construction payment disclosure|1064.0000000000005|1.0|0.00093984962406015
ckan_subject_economics_and_industry|ckan_keywords_consumer price index|177.3333333333334|1.0|0.0056390977443609
ckan_subject_economics_and_industry|ckan_keywords_contract history|1064.0000000000005|1.0|0.00093984962406015
ckan_subject_economics_and_industry|ckan_keywords_contracts|118.22222222222227|1.0|0.00845864661654135
ckan_subject_economics_and_industry|ckan_keywords_contribution limit|532.0000000000002|1.0|0.0018796992481203
ckan_subject_economics_and_industry|ckan_keywords_cpi|177.3333333333334|1.0|0.0056390977443609
ckan_subject_economics_and_industry|ckan_keywords_custom-basis merchandise trade data|3.534883720930236|1.0|0.282894736842105
ckan_subject_economics_and_industry|ckan_keywords_data standard|1064.0000000000005|1.0|0.00093984962406015
ckan_subject_economics_and_industry|ckan_keywords_dc|532.0000000000002|1.0|0.0018796992481203
ckan_subject_economics_and_industry|ckan_keywords_dcc|1064.0000000000005|1.0|0.00093984962406015
ckan_subject_economics_and_industry|ckan_keywords_deferred profit sharing plan|532.0000000000002|1.0|0.0018796992481203
ckan_subject_economics_and_industry|ckan_keywords_economic conditions|177.3333333333334|1.0|0.0056390977443609
ckan_subject_economics_and_industry|ckan_keywords_economic forecasts|177.3333333333334|1.0|0.0056390977443609
ckan_subject_economics_and_industry|ckan_keywords_economic policy|38.000000000000014|1.0|0.0263157894736842
ckan_subject_economics_and_industry|ckan_keywords_economic price indexes|177.3333333333334|1.0|0.0056390977443609
ckan_subject_economics_and_industry|ckan_keywords_economic situation|177.3333333333334|1.0|0.0056390977443609
ckan_subject_economics_and_industry|ckan_keywords_economic trends|177.3333333333334|1.0|0.0056390977443609
ckan_subject_economics_and_industry|ckan_keywords_ei|31.29411764705884|1.0|0.0319548872180451
ckan_subject_economics_and_industry|ckan_keywords_employer|532.0000000000002|1.0|0.0018796992481203
ckan_subject_economics_and_industry|ckan_keywords_employment growth|177.3333333333334|1.0|0.0056390977443609
ckan_subject_economics_and_industry|ckan_keywords_employment insurance|31.29411764705884|1.0|0.0319548872180451
ckan_subject_economics_and_industry|ckan_keywords_export|36.68965517241374|1.0|0.0272556390977444
ckan_subject_economics_and_industry|ckan_keywords_exports|3.534883720930236|1.0|0.282894736842105
ckan_subject_economics_and_industry|ckan_keywords_family|1064.0000000000005|1.0|0.00093984962406015
ckan_subject_economics_and_industry|ckan_keywords_federal budget|38.000000000000014|1.0|0.0263157894736842
ckan_subject_economics_and_industry|ckan_keywords_federal government|1064.0000000000005|1.0|0.00093984962406015
ckan_subject_economics_and_industry|ckan_keywords_fiscal planning|177.3333333333334|1.0|0.0056390977443609
ckan_subject_economics_and_industry|ckan_keywords_fiscal policy|38.000000000000014|1.0|0.0263157894736842
ckan_subject_economics_and_industry|ckan_keywords_gdp|133.2500000000001|0.75|0.00562851782363977
ckan_subject_economics_and_industry|ckan_keywords_general public|24.18181818181819|1.0|0.0413533834586466
ckan_subject_economics_and_industry|ckan_keywords_goods|118.22222222222227|1.0|0.00845864661654135
ckan_subject_economics_and_industry|ckan_keywords_goods and services identification numbers|1064.0000000000005|1.0|0.00093984962406015
ckan_subject_economics_and_industry|ckan_keywords_goods and services tax|44.33333333333335|1.0|0.0225563909774436
ckan_subject_economics_and_industry|ckan_keywords_government finances|38.000000000000014|1.0|0.0263157894736842
ckan_subject_economics_and_industry|ckan_keywords_government securities|177.3333333333334|1.0|0.0056390977443609
ckan_subject_economics_and_industry|ckan_keywords_government-industry working group on prompt payment|1064.0000000000005|1.0|0.00093984962406015
ckan_subject_economics_and_industry|ckan_keywords_gross domestic product|133.2500000000001|0.75|0.00562851782363977
ckan_subject_economics_and_industry|ckan_keywords_group arrangement|532.0000000000002|1.0|0.0018796992481203
ckan_subject_economics_and_industry|ckan_keywords_gsin|118.22222222222227|1.0|0.00845864661654135
ckan_subject_economics_and_industry|ckan_keywords_gst-hst|44.33333333333335|1.0|0.0225563909774436
ckan_subject_economics_and_industry|ckan_keywords_gst-hst collected|44.33333333333335|1.0|0.0225563909774436
ckan_subject_economics_and_industry|ckan_keywords_gst-hst credits|44.33333333333335|1.0|0.0225563909774436
ckan_subject_economics_and_industry|ckan_keywords_gst-hst filers|44.33333333333335|1.0|0.0225563909774436
ckan_subject_economics_and_industry|ckan_keywords_gst-hst returns|44.33333333333335|1.0|0.0225563909774436
ckan_subject_economics_and_industry|ckan_keywords_harmonised sales tax|44.33333333333335|1.0|0.0225563909774436
ckan_subject_economics_and_industry|ckan_keywords_harmonized system|3.534883720930236|1.0|0.282894736842105
ckan_subject_economics_and_industry|ckan_keywords_heavy|36.68965517241374|1.0|0.0272556390977444
ckan_subject_economics_and_industry|ckan_keywords_historical summary|106.40000000000005|1.0|0.0093984962406015
ckan_subject_economics_and_industry|ckan_keywords_housing|532.0000000000002|1.0|0.0018796992481203
ckan_subject_economics_and_industry|ckan_keywords_housing starts|266.0000000000001|1.0|0.0037593984962406
ckan_subject_economics_and_industry|ckan_keywords_hs|3.534883720930236|1.0|0.282894736842105
ckan_subject_economics_and_industry|ckan_keywords_hs10|152.00000000000006|1.0|0.00657894736842105
ckan_subject_economics_and_industry|ckan_keywords_hs6|152.00000000000006|1.0|0.00657894736842105
ckan_subject_economics_and_industry|ckan_keywords_import|36.68965517241374|1.0|0.0272556390977444
ckan_subject_economics_and_industry|ckan_keywords_importers|152.00000000000006|1.0|0.00657894736842105
ckan_subject_economics_and_industry|ckan_keywords_importers by city|152.00000000000006|1.0|0.00657894736842105
ckan_subject_economics_and_industry|ckan_keywords_importers by country|152.00000000000006|1.0|0.00657894736842105
ckan_subject_economics_and_industry|ckan_keywords_imports|3.534883720930236|1.0|0.282894736842105
ckan_subject_economics_and_industry|ckan_keywords_income statistics|44.33333333333335|1.0|0.0225563909774436
ckan_subject_economics_and_industry|ckan_keywords_inflation|177.3333333333334|1.0|0.0056390977443609
ckan_subject_economics_and_industry|ckan_keywords_input tax credits|44.33333333333335|1.0|0.0225563909774436
ckan_subject_economics_and_industry|ckan_keywords_international trade|3.534883720930236|1.0|0.282894736842105
ckan_subject_economics_and_industry|ckan_keywords_intracanada|36.68965517241374|1.0|0.0272556390977444
ckan_subject_economics_and_industry|ckan_keywords_job growth|177.3333333333334|1.0|0.0056390977443609
ckan_subject_economics_and_industry|ckan_keywords_legal entity status|44.33333333333335|1.0|0.0225563909774436
ckan_subject_economics_and_industry|ckan_keywords_light|36.68965517241374|1.0|0.0272556390977444
ckan_subject_economics_and_industry|ckan_keywords_limit|532.0000000000002|1.0|0.0018796992481203
ckan_subject_economics_and_industry|ckan_keywords_manitoba|4.771300448430483|1.0|0.209586466165414
ckan_subject_economics_and_industry|ckan_keywords_mar|31.29411764705884|1.0|0.0319548872180451
ckan_subject_economics_and_industry|ckan_keywords_methods of supply|133.00000000000006|1.0|0.0075187969924812
ckan_subject_economics_and_industry|ckan_keywords_money purchase|532.0000000000002|1.0|0.0018796992481203
ckan_subject_economics_and_industry|ckan_keywords_mp|532.0000000000002|1.0|0.0018796992481203
ckan_subject_economics_and_industry|ckan_keywords_naics|44.33333333333335|1.0|0.0225563909774436
ckan_subject_economics_and_industry|ckan_keywords_natural gas|36.68965517241374|1.0|0.0272556390977444
ckan_subject_economics_and_industry|ckan_keywords_natural gas exports|106.40000000000005|1.0|0.0093984962406015
ckan_subject_economics_and_industry|ckan_keywords_net tax|44.33333333333335|1.0|0.0225563909774436
ckan_subject_economics_and_industry|ckan_keywords_new brunswick|4.771300448430483|1.0|0.209586466165414
ckan_subject_economics_and_industry|ckan_keywords_newfoundland|4.771300448430483|1.0|0.209586466165414
ckan_subject_economics_and_industry|ckan_keywords_northwest territory|4.771300448430483|1.0|0.209586466165414
ckan_subject_economics_and_industry|ckan_keywords_nova scotia|4.771300448430483|1.0|0.209586466165414
ckan_subject_economics_and_industry|ckan_keywords_nunavut|4.771300448430483|1.0|0.209586466165414
ckan_subject_economics_and_industry|ckan_keywords_oil|36.68965517241374|1.0|0.0272556390977444
ckan_subject_economics_and_industry|ckan_keywords_opportunities|118.22222222222227|1.0|0.00845864661654135
ckan_subject_economics_and_industry|ckan_keywords_pa|266.0000000000001|1.0|0.0037593984962406
ckan_subject_economics_and_industry|ckan_keywords_par|532.0000000000002|1.0|0.0018796992481203
ckan_subject_economics_and_industry|ckan_keywords_payments to contractors|1064.0000000000005|1.0|0.00093984962406015
ckan_subject_economics_and_industry|ckan_keywords_pension adjustment|266.0000000000001|1.0|0.0037593984962406
ckan_subject_economics_and_industry|ckan_keywords_pension adjustment reversal|532.0000000000002|1.0|0.0018796992481203
ckan_subject_economics_and_industry|ckan_keywords_pension plan|266.0000000000001|1.0|0.0037593984962406
ckan_subject_economics_and_industry|ckan_keywords_personal income taxes|53.200000000000024|1.0|0.018796992481203
ckan_subject_economics_and_industry|ckan_keywords_planted|1064.0000000000005|1.0|0.00093984962406015
ckan_subject_economics_and_industry|ckan_keywords_prairie provinces|1064.0000000000005|1.0|0.00093984962406015
ckan_subject_economics_and_industry|ckan_keywords_price indexes|177.3333333333334|1.0|0.0056390977443609
ckan_subject_economics_and_industry|ckan_keywords_prince edward island|4.771300448430483|1.0|0.209586466165414
ckan_subject_economics_and_industry|ckan_keywords_proactive disclosure|1064.0000000000005|1.0|0.00093984962406015
ckan_subject_economics_and_industry|ckan_keywords_procurement|118.22222222222227|1.0|0.00845864661654135
ckan_subject_economics_and_industry|ckan_keywords_procurement specialists|133.00000000000006|1.0|0.0075187969924812
ckan_subject_economics_and_industry|ckan_keywords_prompt payments|1064.0000000000005|1.0|0.00093984962406015
ckan_subject_economics_and_industry|ckan_keywords_pspc|1064.0000000000005|1.0|0.00093984962406015
ckan_subject_economics_and_industry|ckan_keywords_public finance|38.000000000000014|1.0|0.0263157894736842
ckan_subject_economics_and_industry|ckan_keywords_public services and procurement canada|1064.0000000000005|1.0|0.00093984962406015
ckan_subject_economics_and_industry|ckan_keywords_purchase|133.00000000000006|1.0|0.0075187969924812
ckan_subject_economics_and_industry|ckan_keywords_purchaser type|106.40000000000005|1.0|0.0093984962406015
ckan_subject_economics_and_industry|ckan_keywords_quebec|4.771300448430483|1.0|0.209586466165414
ckan_subject_economics_and_industry|ckan_keywords_refined petroleum products|36.68965517241374|1.0|0.0272556390977444
ckan_subject_economics_and_industry|ckan_keywords_registration|1064.0000000000005|1.0|0.00093984962406015
ckan_subject_economics_and_industry|ckan_keywords_report|24.18181818181819|1.0|0.0413533834586466
ckan_subject_economics_and_industry|ckan_keywords_request for information|133.00000000000006|1.0|0.0075187969924812
ckan_subject_economics_and_industry|ckan_keywords_request for proposal|133.00000000000006|1.0|0.0075187969924812
ckan_subject_economics_and_industry|ckan_keywords_retirement|266.0000000000001|1.0|0.0037593984962406
ckan_subject_economics_and_industry|ckan_keywords_rfi|133.00000000000006|1.0|0.0075187969924812
ckan_subject_economics_and_industry|ckan_keywords_rfp|133.00000000000006|1.0|0.0075187969924812
ckan_subject_economics_and_industry|ckan_keywords_segment|1064.0000000000005|1.0|0.00093984962406015
ckan_subject_economics_and_industry|ckan_keywords_sell|1064.0000000000005|1.0|0.00093984962406015
ckan_subject_economics_and_industry|ckan_keywords_services|118.22222222222227|1.0|0.00845864661654135
ckan_subject_economics_and_industry|ckan_keywords_standing offers|118.22222222222227|1.0|0.00845864661654135
ckan_subject_economics_and_industry|ckan_keywords_statistics|24.18181818181819|1.0|0.0413533834586466
ckan_subject_economics_and_industry|ckan_keywords_supplier|1064.0000000000005|1.0|0.00093984962406015
ckan_subject_economics_and_industry|ckan_keywords_supply arrangements|118.22222222222227|1.0|0.00845864661654135
ckan_subject_economics_and_industry|ckan_keywords_t-bills|177.3333333333334|1.0|0.0056390977443609
ckan_subject_economics_and_industry|ckan_keywords_tax bracket|53.200000000000024|1.0|0.018796992481203
ckan_subject_economics_and_industry|ckan_keywords_tax policy|38.000000000000014|1.0|0.0263157894736842
ckan_subject_economics_and_industry|ckan_keywords_taxation policy|38.000000000000014|1.0|0.0263157894736842
ckan_subject_economics_and_industry|ckan_keywords_taxpayers|24.18181818181819|1.0|0.0413533834586466
ckan_subject_economics_and_industry|ckan_keywords_tenders|118.22222222222227|1.0|0.00845864661654135
ckan_subject_economics_and_industry|ckan_keywords_territory|41.0|0.923076923076923|0.0225140712945591
ckan_subject_economics_and_industry|ckan_keywords_throughput|36.68965517241374|1.0|0.0272556390977444
ckan_subject_economics_and_industry|ckan_keywords_transportation|36.68965517241374|1.0|0.0272556390977444
ckan_subject_economics_and_industry|ckan_keywords_treasury bills|177.3333333333334|1.0|0.0056390977443609
ckan_subject_economics_and_industry|ckan_keywords_unemployment rate|177.3333333333334|1.0|0.0056390977443609
ckan_subject_economics_and_industry|ckan_keywords_united nations standard products and services code|1064.0000000000005|1.0|0.00093984962406015
ckan_subject_economics_and_industry|ckan_keywords_united states economy|177.3333333333334|1.0|0.0056390977443609
ckan_subject_economics_and_industry|ckan_keywords_unspsc|1064.0000000000005|1.0|0.00093984962406015
ckan_subject_economics_and_industry|ckan_keywords_us economy|177.3333333333334|1.0|0.0056390977443609
ckan_subject_economics_and_industry|ckan_keywords_utilization|36.68965517241374|1.0|0.0272556390977444
ckan_subject_economics_and_industry|ckan_keywords_vacancy rates|177.3333333333334|1.0|0.0056390977443609
ckan_subject_economics_and_industry|ckan_keywords_varieties|1064.0000000000005|1.0|0.00093984962406015
ckan_subject_economics_and_industry|ckan_keywords_volume|106.40000000000005|1.0|0.0093984962406015
ckan_subject_economics_and_industry|ckan_keywords_wheat|1064.0000000000005|1.0|0.00093984962406015
ckan_subject_economics_and_industry|ckan_keywords_yukon|4.771300448430483|1.0|0.209586466165414
ckan_subject_economics_and_industry|ckan_subject_education_and_training|22.551020408163257|0.163265306122449|0.00723981900452489
ckan_subject_economics_and_industry|ckan_topiccategory_economy|31.29411764705884|1.0|0.0319548872180451
ckan_subject_economics_and_industry|ckan_topiccategory_utilities_communication|133.2500000000001|0.75|0.00562851782363977
ckan_subject_government_and_politics|ckan_keywords_aboriginal peoples|47.875000000000064|1.0|0.02088772845953
ckan_subject_government_and_politics|ckan_keywords_aboriginal rights|47.875000000000064|1.0|0.02088772845953
ckan_subject_government_and_politics|ckan_keywords_accumulated losses|191.49999999999986|1.0|0.00522193211488251
ckan_subject_government_and_politics|ckan_keywords_accumulated profits|191.49999999999986|1.0|0.00522193211488251
ckan_subject_government_and_politics|ckan_keywords_active status|95.75000000000013|1.0|0.010443864229765
ckan_subject_government_and_politics|ckan_keywords_agreements|47.875000000000064|1.0|0.02088772845953
ckan_subject_government_and_politics|ckan_keywords_appointment|95.75000000000013|1.0|0.010443864229765
ckan_subject_government_and_politics|ckan_keywords_attrition rate|95.75000000000013|1.0|0.010443864229765
ckan_subject_government_and_politics|ckan_keywords_bank of canada|383.0000000000005|1.0|0.00261096605744125
ckan_subject_government_and_politics|ckan_keywords_bargaining unit designator code|95.75000000000013|1.0|0.010443864229765
ckan_subject_government_and_politics|ckan_keywords_beneficiaries|383.0000000000005|1.0|0.00261096605744125
ckan_subject_government_and_politics|ckan_keywords_board|95.75000000000013|1.0|0.010443864229765
ckan_subject_government_and_politics|ckan_keywords_boundaries|47.875000000000064|1.0|0.02088772845953
ckan_subject_government_and_politics|ckan_keywords_bud code|95.75000000000013|1.0|0.010443864229765
ckan_subject_government_and_politics|ckan_keywords_canada education savings grant - cesg|383.0000000000005|1.0|0.00261096605744125
ckan_subject_government_and_politics|ckan_keywords_canada education savings program - cesp|383.0000000000005|1.0|0.00261096605744125
ckan_subject_government_and_politics|ckan_keywords_canada learning bond - clb|383.0000000000005|1.0|0.00261096605744125
ckan_subject_government_and_politics|ckan_keywords_capital stock|191.49999999999986|1.0|0.00522193211488251
ckan_subject_government_and_politics|ckan_keywords_cash|383.0000000000005|1.0|0.00261096605744125
ckan_subject_government_and_politics|ckan_keywords_casual employee|95.75000000000013|1.0|0.010443864229765
ckan_subject_government_and_politics|ckan_keywords_chart of accounts|63.83333333333341|1.0|0.0156657963446475
ckan_subject_government_and_politics|ckan_keywords_chief|95.75000000000013|1.0|0.010443864229765
ckan_subject_government_and_politics|ckan_keywords_coa|63.83333333333341|1.0|0.0156657963446475
ckan_subject_government_and_politics|ckan_keywords_comprehensive land claim|47.875000000000064|1.0|0.02088772845953
ckan_subject_government_and_politics|ckan_keywords_consolidated accounts|191.49999999999986|1.0|0.00522193211488251
ckan_subject_government_and_politics|ckan_keywords_consolidated revenue fund|383.0000000000005|1.0|0.00261096605744125
ckan_subject_government_and_politics|ckan_keywords_contributed surplus|191.49999999999986|1.0|0.00522193211488251
ckan_subject_government_and_politics|ckan_keywords_contributions|383.0000000000005|1.0|0.00261096605744125
ckan_subject_government_and_politics|ckan_keywords_core responsibilities|63.83333333333341|1.0|0.0156657963446475
ckan_subject_government_and_politics|ckan_keywords_core responsibility|63.83333333333341|1.0|0.0156657963446475
ckan_subject_government_and_politics|ckan_keywords_cpa|95.75000000000013|1.0|0.010443864229765
ckan_subject_government_and_politics|ckan_keywords_deposits|383.0000000000005|1.0|0.00261096605744125
ckan_subject_government_and_politics|ckan_keywords_eaa|95.75000000000013|1.0|0.010443864229765
ckan_subject_government_and_politics|ckan_keywords_educational assistance payment - eap|383.0000000000005|1.0|0.00261096605744125
ckan_subject_government_and_politics|ckan_keywords_elections|1.1931464174454833|1.0|0.838120104438642
ckan_subject_government_and_politics|ckan_keywords_employment equity|95.75000000000013|1.0|0.010443864229765
ckan_subject_government_and_politics|ckan_keywords_employment equity act|95.75000000000013|1.0|0.010443864229765
ckan_subject_government_and_politics|ckan_keywords_employment insurance operating account|191.49999999999986|1.0|0.00522193211488251
ckan_subject_government_and_politics|ckan_keywords_enterprise crown corporations|191.49999999999986|1.0|0.00522193211488251
ckan_subject_government_and_politics|ckan_keywords_expenses|191.49999999999986|1.0|0.00522193211488251
ckan_subject_government_and_politics|ckan_keywords_faa|95.75000000000013|1.0|0.010443864229765
ckan_subject_government_and_politics|ckan_keywords_federal|1.1931464174454833|1.0|0.838120104438642
ckan_subject_government_and_politics|ckan_keywords_federal public service|95.75000000000013|1.0|0.010443864229765
ckan_subject_government_and_politics|ckan_keywords_financial|191.49999999999986|1.0|0.00522193211488251
ckan_subject_government_and_politics|ckan_keywords_financial administration act|95.75000000000013|1.0|0.010443864229765
ckan_subject_government_and_politics|ckan_keywords_financial coding|63.83333333333341|1.0|0.0156657963446475
ckan_subject_government_and_politics|ckan_keywords_fps|95.75000000000013|1.0|0.010443864229765
ckan_subject_government_and_politics|ckan_keywords_full time|95.75000000000013|1.0|0.010443864229765
ckan_subject_government_and_politics|ckan_keywords_government business enterprises|191.49999999999986|1.0|0.00522193211488251
ckan_subject_government_and_politics|ckan_keywords_government of canada|95.75000000000013|1.0|0.010443864229765
ckan_subject_government_and_politics|ckan_keywords_grants and contributions|191.49999999999986|1.0|0.00522193211488251
ckan_subject_government_and_politics|ckan_keywords_gwcoa|63.83333333333341|1.0|0.0156657963446475
ckan_subject_government_and_politics|ckan_keywords_hires|95.75000000000013|1.0|0.010443864229765
ckan_subject_government_and_politics|ckan_keywords_human|95.75000000000013|1.0|0.010443864229765
ckan_subject_government_and_politics|ckan_keywords_inactive status|95.75000000000013|1.0|0.010443864229765
ckan_subject_government_and_politics|ckan_keywords_indeterminate employee|95.75000000000013|1.0|0.010443864229765
ckan_subject_government_and_politics|ckan_keywords_indians|47.875000000000064|1.0|0.02088772845953
ckan_subject_government_and_politics|ckan_keywords_indigenous|47.875000000000064|1.0|0.02088772845953
ckan_subject_government_and_politics|ckan_keywords_inflows|383.0000000000005|1.0|0.00261096605744125
ckan_subject_government_and_politics|ckan_keywords_list of program codes|63.83333333333341|1.0|0.0156657963446475
ckan_subject_government_and_politics|ckan_keywords_non-financial|191.49999999999986|1.0|0.00522193211488251
ckan_subject_government_and_politics|ckan_keywords_occupational group|95.75000000000013|1.0|0.010443864229765
ckan_subject_government_and_politics|ckan_keywords_office|95.75000000000013|1.0|0.010443864229765
ckan_subject_government_and_politics|ckan_keywords_office of the chief human resources officer|95.75000000000013|1.0|0.010443864229765
ckan_subject_government_and_politics|ckan_keywords_part time|95.75000000000013|1.0|0.010443864229765
ckan_subject_government_and_politics|ckan_keywords_payments|383.0000000000005|1.0|0.00261096605744125
ckan_subject_government_and_politics|ckan_keywords_pd|191.49999999999986|1.0|0.00522193211488251
ckan_subject_government_and_politics|ckan_keywords_post-secondary education - pse|383.0000000000005|1.0|0.00261096605744125
ckan_subject_government_and_politics|ckan_keywords_proactive disclosire|191.49999999999986|1.0|0.00522193211488251
ckan_subject_government_and_politics|ckan_keywords_prog|63.83333333333341|1.0|0.0156657963446475
ckan_subject_government_and_politics|ckan_keywords_program activity architecture|63.83333333333341|1.0|0.0156657963446475
ckan_subject_government_and_politics|ckan_keywords_program activity codes|63.83333333333341|1.0|0.0156657963446475
ckan_subject_government_and_politics|ckan_keywords_program alignment architecture|63.83333333333341|1.0|0.0156657963446475
ckan_subject_government_and_politics|ckan_keywords_program codes|63.83333333333341|1.0|0.0156657963446475
ckan_subject_government_and_politics|ckan_keywords_program inventory|63.83333333333341|1.0|0.0156657963446475
ckan_subject_government_and_politics|ckan_keywords_programs|63.83333333333341|1.0|0.0156657963446475
ckan_subject_government_and_politics|ckan_keywords_promotion|95.75000000000013|1.0|0.010443864229765
ckan_subject_government_and_politics|ckan_keywords_public accounts|95.75000000000013|1.0|0.010443864229765
ckan_subject_government_and_politics|ckan_keywords_public service employment act|95.75000000000013|1.0|0.010443864229765
ckan_subject_government_and_politics|ckan_keywords_receiver general|34.8181818181818|1.0|0.0287206266318538
ckan_subject_government_and_politics|ckan_keywords_registered education savings plan - resp|383.0000000000005|1.0|0.00261096605744125
ckan_subject_government_and_politics|ckan_keywords_resources|95.75000000000013|1.0|0.010443864229765
ckan_subject_government_and_politics|ckan_keywords_resp withdrawals|383.0000000000005|1.0|0.00261096605744125
ckan_subject_government_and_politics|ckan_keywords_results|1.1931464174454833|1.0|0.838120104438642
ckan_subject_government_and_politics|ckan_keywords_retirement without penalty eligibility|95.75000000000013|1.0|0.010443864229765
ckan_subject_government_and_politics|ckan_keywords_revenues|191.49999999999986|1.0|0.00522193211488251
ckan_subject_government_and_politics|ckan_keywords_seasonal employee|95.75000000000013|1.0|0.010443864229765
ckan_subject_government_and_politics|ckan_keywords_secretariat|95.75000000000013|1.0|0.010443864229765
ckan_subject_government_and_politics|ckan_keywords_self-government|47.875000000000064|1.0|0.02088772845953
ckan_subject_government_and_politics|ckan_keywords_separate agencies|95.75000000000013|1.0|0.010443864229765
ckan_subject_government_and_politics|ckan_keywords_settlement lands|47.875000000000064|1.0|0.02088772845953
ckan_subject_government_and_politics|ckan_keywords_student employee|95.75000000000013|1.0|0.010443864229765
ckan_subject_government_and_politics|ckan_keywords_tbs|95.75000000000013|1.0|0.010443864229765
ckan_subject_government_and_politics|ckan_keywords_term employee|95.75000000000013|1.0|0.010443864229765
ckan_subject_government_and_politics|ckan_keywords_third parties|191.49999999999986|1.0|0.00522193211488251
ckan_subject_government_and_politics|ckan_keywords_transfers|383.0000000000005|1.0|0.00261096605744125
ckan_subject_government_and_politics|ckan_keywords_treasury|95.75000000000013|1.0|0.010443864229765
ckan_subject_government_and_politics|ckan_keywords_volume 1|191.49999999999986|1.0|0.00522193211488251
ckan_subject_government_and_politics|ckan_subject_form_descriptors|47.875000000000064|1.0|0.02088772845953
ckan_subject_government_and_politics|ckan_subject_information_and_communications|19.142857142857146|0.0952380952380952|0.00497512437810945
ckan_subject_government_and_politics|ckan_topiccategory_boundaries|47.875000000000064|1.0|0.02088772845953
ckan_subject_government_and_politics|ckan_topiccategory_location|47.875000000000064|1.0|0.02088772845953
ckan_subject_health_and_safety|ckan_keywords_campaign|116.00000000000004|1.0|0.00862068965517241
ckan_subject_health_and_safety|ckan_keywords_hail|116.00000000000004|1.0|0.00862068965517241
ckan_subject_health_and_safety|ckan_keywords_hiv|116.00000000000004|1.0|0.00862068965517241
ckan_subject_health_and_safety|ckan_keywords_terrorism|116.00000000000004|1.0|0.00862068965517241
ckan_subject_health_and_safety|ckan_keywords_typhoon|116.00000000000004|1.0|0.00862068965517241
ckan_subject_health_and_safety|ckan_keywords_wildfire|116.00000000000004|1.0|0.00862068965517241
ckan_subject_information_and_communications|ckan_keywords_acet|21.000000000000007|1.0|0.0476190476190476
ckan_subject_information_and_communications|ckan_keywords_advertising campaign evaluation|21.000000000000007|1.0|0.0476190476190476
ckan_subject_information_and_communications|ckan_keywords_public opinion research|21.000000000000007|1.0|0.0476190476190476
ckan_subject_information_and_communications|ckan_keywords_skills initiative advertising|21.000000000000007|1.0|0.0476190476190476
ckan_subject_information_and_communications|ckan_keywords_survey|21.000000000000007|1.0|0.0476190476190476
ckan_subject_labour|ckan_keywords_job|125.0|1.0|0.008
ckan_subject_labour|ckan_keywords_labour market|125.0|1.0|0.008
ckan_subject_labour|ckan_keywords_labour market information|125.0|1.0|0.008
ckan_subject_labour|ckan_keywords_maximum wage|125.0|1.0|0.008
ckan_subject_labour|ckan_keywords_median wage|125.0|1.0|0.008
ckan_subject_labour|ckan_keywords_minimum wage|125.0|1.0|0.008
ckan_subject_labour|ckan_keywords_posting|125.0|1.0|0.008
ckan_subject_labour|ckan_keywords_salary|125.0|1.0|0.008
ckan_subject_labour|ckan_keywords_wages|125.0|1.0|0.008
ckan_subject_law|ckan_keywords_accelerated parole review|4.0|1.0|0.25
ckan_subject_law|ckan_keywords_elder assisted hearing|4.0|1.0|0.25
ckan_subject_law|ckan_keywords_special conditions|4.0|1.0|0.25
ckan_subject_nature_and_environment|ckan_keywords_afi|71.99999999999994|1.0|0.0138888888888889
ckan_subject_nature_and_environment|ckan_keywords_aquatic life|71.99999999999994|1.0|0.0138888888888889
ckan_subject_nature_and_environment|ckan_keywords_at risk|71.99999999999994|1.0|0.0138888888888889
ckan_subject_nature_and_environment|ckan_keywords_atlantic - new brunswick (nb)|144.00000000000009|1.0|0.00694444444444444
ckan_subject_nature_and_environment|ckan_keywords_atlantic - newfoundland and labrador (nl)|144.00000000000009|1.0|0.00694444444444444
ckan_subject_nature_and_environment|ckan_keywords_atlantic - nova scotia (ns)|144.00000000000009|1.0|0.00694444444444444
ckan_subject_nature_and_environment|ckan_keywords_atmospheric forcing index|71.99999999999994|1.0|0.0138888888888889
ckan_subject_nature_and_environment|ckan_keywords_bacteria|14.400000000000007|1.0|0.0694444444444444
ckan_subject_nature_and_environment|ckan_keywords_biodiversity|35.99999999999997|1.0|0.0277777777777778
ckan_subject_nature_and_environment|ckan_keywords_biological diversity|71.99999999999994|1.0|0.0138888888888889
ckan_subject_nature_and_environment|ckan_keywords_bird|35.99999999999997|1.0|0.0277777777777778
ckan_subject_nature_and_environment|ckan_keywords_bird populations|144.00000000000009|1.0|0.00694444444444444
ckan_subject_nature_and_environment|ckan_keywords_cadmium|35.99999999999997|1.0|0.0277777777777778
ckan_subject_nature_and_environment|ckan_keywords_cd|35.99999999999997|1.0|0.0277777777777778
ckan_subject_nature_and_environment|ckan_keywords_cepa|23.999999999999982|1.0|0.0416666666666667
ckan_subject_nature_and_environment|ckan_keywords_chemical spill|35.99999999999997|1.0|0.0277777777777778
ckan_subject_nature_and_environment|ckan_keywords_citations|72.50000000000001|0.5|0.00689655172413793
ckan_subject_nature_and_environment|ckan_keywords_climate change|48.00000000000008|1.0|0.0208333333333333
ckan_subject_nature_and_environment|ckan_keywords_concentrations|71.99999999999994|1.0|0.0138888888888889
ckan_subject_nature_and_environment|ckan_keywords_conservation|20.571428571428577|1.0|0.0486111111111111
ckan_subject_nature_and_environment|ckan_keywords_downloadable data|144.00000000000009|1.0|0.00694444444444444
ckan_subject_nature_and_environment|ckan_keywords_eraf pilot project|71.99999999999994|1.0|0.0138888888888889
ckan_subject_nature_and_environment|ckan_keywords_fine particulate matter|71.99999999999994|1.0|0.0138888888888889
ckan_subject_nature_and_environment|ckan_keywords_freshwater|71.99999999999994|1.0|0.0138888888888889
ckan_subject_nature_and_environment|ckan_keywords_general status|71.99999999999994|1.0|0.0138888888888889
ckan_subject_nature_and_environment|ckan_keywords_guidelines|35.99999999999997|1.0|0.0277777777777778
ckan_subject_nature_and_environment|ckan_keywords_harmful substances|23.999999999999982|1.0|0.0416666666666667
ckan_subject_nature_and_environment|ckan_keywords_hg|71.99999999999994|1.0|0.0138888888888889
ckan_subject_nature_and_environment|ckan_keywords_hourly|144.00000000000009|1.0|0.00694444444444444
ckan_subject_nature_and_environment|ckan_keywords_human activity|71.99999999999994|1.0|0.0138888888888889
ckan_subject_nature_and_environment|ckan_keywords_la salle river|144.00000000000009|1.0|0.00694444444444444
ckan_subject_nature_and_environment|ckan_keywords_lakes|20.571428571428577|1.0|0.0486111111111111
ckan_subject_nature_and_environment|ckan_keywords_major ions|14.400000000000007|1.0|0.0694444444444444
ckan_subject_nature_and_environment|ckan_keywords_mercury|71.99999999999994|1.0|0.0138888888888889
ckan_subject_nature_and_environment|ckan_keywords_methylmercury|35.99999999999997|1.0|0.0277777777777778
ckan_subject_nature_and_environment|ckan_keywords_monitoring sites|71.99999999999994|1.0|0.0138888888888889
ckan_subject_nature_and_environment|ckan_keywords_ne nature and environment|35.99999999999997|1.0|0.0277777777777778
ckan_subject_nature_and_environment|ckan_keywords_ne nature and environment birds|35.99999999999997|1.0|0.0277777777777778
ckan_subject_nature_and_environment|ckan_keywords_nitrogen|35.99999999999997|1.0|0.0277777777777778
ckan_subject_nature_and_environment|ckan_keywords_northwest passage|48.00000000000008|1.0|0.0208333333333333
ckan_subject_nature_and_environment|ckan_keywords_oil and gas|71.99999999999994|1.0|0.0138888888888889
ckan_subject_nature_and_environment|ckan_keywords_ozone|35.99999999999997|1.0|0.0277777777777778
ckan_subject_nature_and_environment|ckan_keywords_particulate matter|35.99999999999997|1.0|0.0277777777777778
ckan_subject_nature_and_environment|ckan_keywords_periodicals|72.50000000000001|0.5|0.00689655172413793
ckan_subject_nature_and_environment|ckan_keywords_pesticides|48.00000000000008|1.0|0.0208333333333333
ckan_subject_nature_and_environment|ckan_keywords_phosphorus|35.99999999999997|1.0|0.0277777777777778
ckan_subject_nature_and_environment|ckan_keywords_plants|144.00000000000009|1.0|0.00694444444444444
ckan_subject_nature_and_environment|ckan_keywords_population trend|35.99999999999997|1.0|0.0277777777777778
ckan_subject_nature_and_environment|ckan_keywords_prairie provinces water board|48.00000000000008|1.0|0.0208333333333333
ckan_subject_nature_and_environment|ckan_keywords_protect and restore species|48.00000000000008|1.0|0.0208333333333333
ckan_subject_nature_and_environment|ckan_keywords_protect species well-being|35.99999999999997|1.0|0.0277777777777778
ckan_subject_nature_and_environment|ckan_keywords_protected habitats|48.00000000000008|1.0|0.0208333333333333
ckan_subject_nature_and_environment|ckan_keywords_radiation monitoring|144.00000000000009|1.0|0.00694444444444444
ckan_subject_nature_and_environment|ckan_keywords_radioactivity|144.00000000000009|1.0|0.00694444444444444
ckan_subject_nature_and_environment|ckan_keywords_sector|23.999999999999982|1.0|0.0416666666666667
ckan_subject_nature_and_environment|ckan_keywords_sensitive|71.99999999999994|1.0|0.0138888888888889
ckan_subject_nature_and_environment|ckan_keywords_solar radiation|144.00000000000009|1.0|0.00694444444444444
ckan_subject_nature_and_environment|ckan_keywords_sox|71.99999999999994|1.0|0.0138888888888889
ckan_subject_nature_and_environment|ckan_keywords_sulphur oxide|35.99999999999997|1.0|0.0277777777777778
ckan_subject_nature_and_environment|ckan_keywords_surface water|12.000000000000005|1.0|0.0833333333333333
ckan_subject_nature_and_environment|ckan_keywords_sustainable agriculture|71.99999999999994|1.0|0.0138888888888889
ckan_subject_nature_and_environment|ckan_keywords_taxonomic groups|71.99999999999994|1.0|0.0138888888888889
ckan_subject_nature_and_environment|ckan_keywords_toxic metals|71.99999999999994|1.0|0.0138888888888889
ckan_subject_nature_and_environment|ckan_keywords_transboundary|14.400000000000007|1.0|0.0694444444444444
ckan_subject_nature_and_environment|ckan_keywords_tritium|144.00000000000009|1.0|0.00694444444444444
ckan_subject_nature_and_environment|ckan_keywords_underground injection|35.99999999999997|1.0|0.0277777777777778
ckan_subject_nature_and_environment|ckan_keywords_voc|71.99999999999994|1.0|0.0138888888888889
ckan_subject_nature_and_environment|ckan_keywords_waste|35.99999999999997|1.0|0.0277777777777778
ckan_subject_nature_and_environment|ckan_keywords_water - drainage regions - maritime coastal|144.00000000000009|1.0|0.00694444444444444
ckan_subject_nature_and_environment|ckan_keywords_water - drainage regions - newfoundlandlabrador|144.00000000000009|1.0|0.00694444444444444
ckan_subject_nature_and_environment|ckan_keywords_water - drainage regions - saint johnst. croix|144.00000000000009|1.0|0.00694444444444444
ckan_subject_nature_and_environment|ckan_keywords_water - major drainage area - maritime provinces|144.00000000000009|1.0|0.00694444444444444
ckan_subject_nature_and_environment|ckan_keywords_waterfowl|48.00000000000008|1.0|0.0208333333333333
ckan_subject_nature_and_environment|ckan_keywords_wintering area|144.00000000000009|1.0|0.00694444444444444
ckan_subject_nature_and_environment|ckan_keywords_les de boucherville|35.99999999999997|1.0|0.0277777777777778
ckan_subject_persons|ckan_keywords_education|14.999999999999995|1.0|0.0666666666666667
ckan_topiccategory_biota|ckan_keywords_british columbia|23.599999999999977|0.4|0.0169491525423729
ckan_topiccategory_environment|ckan_keywords_radioactivity|62.99999999999989|1.0|0.0158730158730159
ckan_topiccategory_health|ckan_subject_nature_and_environment|72.50000000000001|0.5|0.00689655172413793
ckan_topiccategory_oceans|ckan_subject_nature_and_environment|144.00000000000009|1.0|0.00694444444444444
ckan_topiccategory_society|ckan_keywords_province|14.000000000000027|0.105263157894737|0.0075187969924812
