parent|child|mi|containment|jaccard|dotproduct|card1|card2|size1|size2
ckan_keywords_aboriginal lands|ckan_keywords_aboriginal peoples|0.0366322587456|1.0|1.0|0.0408163265306|2|2|2064|2064
ckan_keywords_aboriginal rights|ckan_keywords_aboriginal peoples|0.0366322587456|1.0|1.0|0.0408163265306|2|2|2064|2064
ckan_keywords_agreements|ckan_keywords_aboriginal peoples|0.0366322587456|1.0|1.0|0.0408163265306|2|2|2064|2064
ckan_keywords_boundaries|ckan_keywords_aboriginal peoples|0.0366322587456|1.0|1.0|0.0408163265306|2|2|2064|2064
ckan_keywords_comprehensive land claim|ckan_keywords_aboriginal peoples|0.0366322587456|1.0|1.0|0.0408163265306|2|2|2064|2064
ckan_keywords_indians|ckan_keywords_aboriginal peoples|0.0366322587456|1.0|1.0|0.0408163265306|2|2|2064|2064
ckan_keywords_indigenous|ckan_keywords_aboriginal peoples|0.0366322587456|1.0|1.0|0.0408163265306|2|2|2064|2064
ckan_keywords_self-government|ckan_keywords_aboriginal peoples|0.0366322587456|1.0|1.0|0.0408163265306|2|2|2064|2064
ckan_keywords_settlement lands|ckan_keywords_aboriginal peoples|0.0366322587456|1.0|1.0|0.0408163265306|2|2|2064|2064
ckan_subject_form_descriptors|ckan_keywords_aboriginal peoples|0.0366322587456|1.0|1.0|0.0408163265306|2|2|2064|2064
ckan_topiccategory_boundaries|ckan_keywords_aboriginal peoples|0.0366322587456|1.0|1.0|0.0408163265306|2|2|2064|2064
ckan_topiccategory_location|ckan_keywords_aboriginal peoples|0.0366322587456|1.0|1.0|0.0408163265306|2|2|2064|2064
ckan_keywords_accelerated parole review|ckan_keywords_conditional release|0.0286827349426|1.0|0.5|0.0136054421769|2|4|2064|2064
ckan_keywords_accident|ckan_subject_health_and_safety|0.00603370772761|1.0|0.00862068965517241|0.0004|2|5|2064|2064
ckan_keywords_accumulated profits|ckan_keywords_accumulated losses|0.0110980843898|1.0|1.0|0.0102040816327|2|2|2064|2064
ckan_keywords_capital stock|ckan_keywords_accumulated losses|0.0110980843898|1.0|1.0|0.0102040816327|2|2|2064|2064
ckan_keywords_contributed surplus|ckan_keywords_accumulated losses|0.0110980843898|1.0|1.0|0.0102040816327|2|2|2064|2064
ckan_keywords_enterprise crown corporations|ckan_keywords_accumulated losses|0.0110980843898|1.0|1.0|0.0102040816327|2|2|2064|2064
ckan_keywords_financial|ckan_keywords_accumulated losses|0.0110980843898|1.0|1.0|0.0102040816327|2|2|2064|2064
ckan_keywords_financial position|ckan_keywords_accumulated losses|0.0110980843898|1.0|1.0|0.0102040816327|2|2|2064|2064
ckan_keywords_government business enterprises|ckan_keywords_accumulated losses|0.0110980843898|1.0|1.0|0.0102040816327|2|2|2064|2064
ckan_keywords_non-financial|ckan_keywords_accumulated losses|0.0110980843898|1.0|1.0|0.0102040816327|2|2|2064|2064
ckan_keywords_accumulated losses|ckan_keywords_receiver general|0.0110980843898|1.0|0.181818181818182|0.0102040816327|2|4|2064|2064
ckan_keywords_third parties|ckan_keywords_accumulated losses|0.0110980843898|1.0|1.0|0.0102040816327|2|2|2064|2064
ckan_keywords_acet|ckan_subject_information_and_communications|0.00603370772761|1.0|0.0476190476190476|0.0277777777778|2|4|2064|2064
ckan_keywords_advertising campaign evaluation|ckan_subject_information_and_communications|0.00603370772761|1.0|0.0476190476190476|0.0277777777778|2|4|2064|2064
ckan_keywords_atmospheric forcing index|ckan_keywords_afi|0.0110980843898|1.0|1.0|0.08|2|2|2064|2064
ckan_keywords_afi|ckan_keywords_pacific|0.0110980843898|1.0|0.333333333333333|0.08|2|4|2064|2064
ckan_keywords_aids|ckan_subject_health_and_safety|0.00603370772761|1.0|0.00862068965517241|0.00390625|2|5|2064|2064
ckan_keywords_mercury|ckan_keywords_air|0.0110980843898|1.0|0.333333333333333|0.00413223140496|3|2|2064|2064
ckan_keywords_methylmercury|ckan_keywords_air|0.0202568283567|1.0|0.666666666666667|0.01108033241|3|2|2064|2064
ckan_keywords_pb|ckan_keywords_air|0.0202568283567|1.0|0.666666666666667|0.00967239760994|3|3|2064|2064
ckan_keywords_releases|ckan_keywords_air|0.0313521995765|1.0|1.0|0.0152125638149|3|3|2064|2064
ckan_keywords_toxic metals|ckan_keywords_air|0.0110980843898|1.0|0.333333333333333|0.00413223140496|3|2|2064|2064
ckan_keywords_air pollutants|ckan_keywords_air and climate|0.0535388650078|1.0|0.769230769230769|0.0537608294703|5|6|2064|2064
ckan_keywords_air quality|ckan_keywords_air pollutants|0.0110980843898|1.0|0.2|0.02|5|2|2064|2064
ckan_keywords_alberta|ckan_keywords_canada revenue agency|0.493983578835|1.0|0.835205992509363|0.87109375|2|4|2064|2064
ckan_keywords_northwest territory|ckan_keywords_alberta|0.493983578835|1.0|1.0|0.87109375|2|2|2064|2064
ckan_keywords_saskatchewan|ckan_keywords_alberta|0.493983578835|1.0|1.0|0.87109375|2|2|2064|2064
ckan_keywords_yukon|ckan_keywords_alberta|0.493983578835|1.0|1.0|0.87109375|2|2|2064|2064
ckan_keywords_ambient levels|ckan_keywords_air pollutants|0.0110980843898|1.0|0.2|0.02|2|5|2064|2064
ckan_keywords_ammonia|ckan_keywords_nitrogen oxides|0.0313521995765|1.0|0.75|0.00862658595807|3|4|2064|2064
ckan_keywords_annual index|ckan_keywords_canada|0.0202568283567|1.0|0.137931034482759|0.0236686390533|2|4|2064|2064
ckan_keywords_aquaculture|ckan_keywords_british columbia|0.0157963820015|1.0|0.0130434782608696|0.046875|2|6|2064|2064
ckan_keywords_arson|ckan_subject_health_and_safety|0.00603370772761|1.0|0.00862068965517241|0.0004|2|5|2064|2064
ckan_keywords_avalanche|ckan_subject_health_and_safety|0.00603370772761|1.0|0.00862068965517241|0.0004|2|5|2064|2064
ckan_keywords_average density|ckan_topiccategory_biota|0.00603370772761|1.0|0.1|0.00346020761246|2|6|2064|2064
ckan_keywords_bc|ckan_keywords_british columbia|0.0157963820015|1.0|0.0130434782608696|0.046875|2|6|2064|2064
ckan_keywords_citations|ckan_keywords_bibliographic information|0.0120670766379|1.0|1.0|0.0279706790123|3|3|2064|2064
ckan_keywords_journal articles|ckan_keywords_bibliographic information|0.0120670766379|1.0|1.0|0.0279706790123|3|3|2064|2064
ckan_keywords_periodicals|ckan_keywords_bibliographic information|0.0120670766379|1.0|1.0|0.0279706790123|3|3|2064|2064
ckan_keywords_publications|ckan_keywords_bibliographic information|0.0120670766379|1.0|1.0|0.0279706790123|3|3|2064|2064
ckan_keywords_publishing|ckan_keywords_bibliographic information|0.0120670766379|1.0|1.0|0.0279706790123|3|3|2064|2064
ckan_keywords_bibliographic information|ckan_subject_persons|0.00605924724228|0.5|0.0131578947368421|0.0123456790123|3|5|2064|2064
ckan_keywords_protect species well-being|ckan_keywords_birds|0.0241327973489|1.0|1.0|0.0414308866248|5|5|2064|2064
ckan_keywords_british columbia (bc)|ckan_topiccategory_biota|0.0120670766379|1.0|0.2|0.0117246704224|3|6|2064|2064
ckan_keywords_business|ckan_keywords_emissions|0.0202568283567|1.0|0.222222222222222|0.00308641975309|2|6|2064|2064
ckan_keywords_business function|ckan_keywords_supply arrangements|0.00603370772761|1.0|0.111111111111111|0.00111111111111|2|3|2064|2064
ckan_keywords_cadmium|ckan_keywords_air|0.0202568283567|1.0|0.666666666666667|0.00967239760994|3|3|2064|2064
ckan_keywords_cd|ckan_keywords_cadmium|0.0221948128528|1.0|1.0|0.00967239760994|3|3|2064|2064
ckan_keywords_calendar year|ckan_keywords_canada|0.0914016201474|1.0|0.827586206896552|0.0495867768595|2|4|2064|2064
ckan_keywords_2011|ckan_keywords_canada|0.0202568283567|1.0|0.137931034482759|0.0236686390533|4|2|2064|2064
ckan_keywords_acres|ckan_keywords_canada|0.00603370772761|1.0|0.0344827586206897|0.00826446280992|4|2|2064|2064
ckan_keywords_bird|ckan_keywords_canada|0.0202568283567|1.0|0.137931034482759|0.0236686390533|4|2|2064|2064
ckan_keywords_goods and services tax|ckan_keywords_canada|0.0914016201474|1.0|0.827586206896552|0.0495867768595|4|2|2064|2064
ckan_keywords_gst-hst|ckan_keywords_canada|0.0914016201474|1.0|0.827586206896552|0.0495867768595|4|2|2064|2064
ckan_keywords_gst-hst collected|ckan_keywords_canada|0.0914016201474|1.0|0.827586206896552|0.0495867768595|4|2|2064|2064
ckan_keywords_gst-hst credits|ckan_keywords_canada|0.0914016201474|1.0|0.827586206896552|0.0495867768595|4|2|2064|2064
ckan_keywords_harmonised sales tax|ckan_keywords_canada|0.0914016201474|1.0|0.827586206896552|0.0495867768595|4|2|2064|2064
ckan_keywords_income statistics|ckan_keywords_canada|0.0914016201474|1.0|0.827586206896552|0.0495867768595|4|2|2064|2064
ckan_keywords_input tax credits|ckan_keywords_canada|0.0914016201474|1.0|0.827586206896552|0.0495867768595|4|2|2064|2064
ckan_keywords_nature conservation|ckan_keywords_canada|0.0202568283567|1.0|0.137931034482759|0.0236686390533|4|2|2064|2064
ckan_keywords_population trend|ckan_keywords_canada|0.0202568283567|1.0|0.137931034482759|0.0236686390533|4|2|2064|2064
ckan_keywords_prairie provinces|ckan_keywords_canada|0.00603370772761|1.0|0.0344827586206897|0.00826446280992|4|2|2064|2064
ckan_keywords_cpp|ckan_keywords_canada pension plan|0.0268924320076|1.0|1.0|0.409722222222|3|3|2064|2064
ckan_keywords_british columbia|ckan_keywords_canada revenue agency|0.486107937117|0.969565217391304|0.813868613138686|0.87109375|4|6|2064|2064
ckan_keywords_canada|ckan_keywords_canada revenue agency|0.0918454627852|0.827586206896552|0.0882352941176471|0.0495867768595|4|4|2064|2064
ckan_keywords_general public|ckan_keywords_canada revenue agency|0.169967755062|1.0|0.164794007490637|0.36208677686|4|3|2064|2064
ckan_keywords_manitoba|ckan_keywords_canada revenue agency|0.493983578835|1.0|0.835205992509363|0.87109375|4|2|2064|2064
ckan_keywords_new brunswick|ckan_keywords_canada revenue agency|0.493983578835|1.0|0.835205992509363|0.87109375|4|2|2064|2064
ckan_keywords_newfoundland|ckan_keywords_canada revenue agency|0.493983578835|1.0|0.835205992509363|0.87109375|4|2|2064|2064
ckan_keywords_nova scotia|ckan_keywords_canada revenue agency|0.493983578835|1.0|0.835205992509363|0.87109375|4|2|2064|2064
ckan_keywords_nunavut|ckan_keywords_canada revenue agency|0.493983578835|1.0|0.835205992509363|0.87109375|4|2|2064|2064
ckan_keywords_prince edward island|ckan_keywords_canada revenue agency|0.493983578835|1.0|0.835205992509363|0.87109375|4|2|2064|2064
ckan_keywords_province|ckan_keywords_canada revenue agency|0.583470706206|0.991967871485944|0.9182156133829|0.92068052686|4|4|2064|2064
ckan_keywords_quebec|ckan_keywords_canada revenue agency|0.493983578835|1.0|0.835205992509363|0.87109375|4|2|2064|2064
ckan_keywords_statistics|ckan_keywords_canada revenue agency|0.169967755062|1.0|0.164794007490637|0.36208677686|4|3|2064|2064
ckan_keywords_taxpayers|ckan_keywords_canada revenue agency|0.169967755062|1.0|0.164794007490637|0.36208677686|4|3|2064|2064
ckan_keywords_air|ckan_keywords_canadian environmental protection act|0.0313521995765|1.0|1.0|0.0152125638149|3|3|2064|2064
ckan_keywords_canadian radiological monitoring network|ckan_subject_health_and_safety|0.00603370772761|1.0|0.00862068965517241|0.00591715976331|2|5|2064|2064
ckan_keywords_carbon monoxide|ckan_keywords_nitrogen oxides|0.0221948128528|1.0|0.5|0.013352666205|3|4|2064|2064
ckan_keywords_catastrophe|ckan_subject_health_and_safety|0.00603370772761|1.0|0.00862068965517241|0.0004|2|5|2064|2064
ckan_keywords_education|ckan_keywords_census of population|0.0245403230094|1.0|0.172413793103448|0.555555555556|4|2|2064|2064
ckan_keywords_language|ckan_keywords_census of population|0.0404688109114|1.0|0.310344827586207|0.5625|4|2|2064|2064
ckan_keywords_census of population|ckan_subject_persons|0.103415420168|1.0|0.386666666666667|4.86805555556|4|5|2064|2064
ckan_keywords_air|ckan_keywords_cepa|0.0313521995765|1.0|1.0|0.0152125638149|3|3|2064|2064
ckan_keywords_cgc|ckan_keywords_canada|0.00603370772761|1.0|0.0344827586206897|0.00826446280992|2|4|2064|2064
ckan_keywords_charadriiformes|ckan_topiccategory_biota|0.00603370772761|1.0|0.1|0.00346020761246|2|6|2064|2064
ckan_keywords_chemical|ckan_keywords_emissions|0.0202568283567|1.0|0.222222222222222|0.00308641975309|2|6|2064|2064
ckan_keywords_chemical spill|ckan_keywords_emissions|0.0202568283567|1.0|0.222222222222222|0.00308641975309|2|6|2064|2064
ckan_keywords_climate|ckan_keywords_air and climate|0.0157963820015|1.0|0.230769230769231|0.0247933884298|2|6|2064|2064
ckan_keywords_canadian arctic|ckan_keywords_climate|0.0157963820015|1.0|1.0|0.0247933884298|2|2|2064|2064
ckan_keywords_climate change|ckan_keywords_climate|0.0157963820015|1.0|1.0|0.0247933884298|2|2|2064|2064
ckan_keywords_ice|ckan_keywords_climate|0.0157963820015|1.0|1.0|0.0247933884298|2|2|2064|2064
ckan_keywords_multi-year ice|ckan_keywords_climate|0.0157963820015|1.0|1.0|0.0247933884298|2|2|2064|2064
ckan_keywords_northwest passage|ckan_keywords_climate|0.0157963820015|1.0|1.0|0.0247933884298|2|2|2064|2064
ckan_keywords_sea ice|ckan_keywords_climate|0.0157963820015|1.0|1.0|0.0247933884298|2|2|2064|2064
ckan_keywords_sea ice area|ckan_keywords_climate|0.0157963820015|1.0|1.0|0.0247933884298|2|2|2064|2064
ckan_keywords_concentrations|ckan_keywords_air pollutants|0.0110980843898|1.0|0.2|0.02|2|5|2064|2064
ckan_keywords_parole|ckan_keywords_conditional release|0.0600227074436|1.0|1.0|0.156383219955|4|4|2064|2064
ckan_keywords_review|ckan_keywords_conditional release|0.0286827349426|1.0|0.5|0.0136054421769|4|2|2064|2064
ckan_keywords_conditional release|ckan_subject_law|0.0600227074436|1.0|0.5|0.156383219955|4|5|2064|2064
ckan_keywords_conditional release review|ckan_keywords_conditional release|0.0286827349426|1.0|0.5|0.0136054421769|2|4|2064|2064
ckan_keywords_conflict|ckan_subject_health_and_safety|0.00603370772761|1.0|0.00862068965517241|0.0004|2|5|2064|2064
ckan_keywords_canadian construction association|ckan_keywords_construction contracts|0.00603370772761|1.0|1.0|0.00444444444444|2|2|2064|2064
ckan_keywords_cca|ckan_keywords_construction contracts|0.00603370772761|1.0|1.0|0.00444444444444|2|2|2064|2064
ckan_keywords_construction industry|ckan_keywords_construction contracts|0.00603370772761|1.0|1.0|0.00444444444444|2|2|2064|2064
ckan_keywords_construction payment disclosure|ckan_keywords_construction contracts|0.00603370772761|1.0|1.0|0.00444444444444|2|2|2064|2064
ckan_keywords_construction-related payment|ckan_keywords_construction contracts|0.00603370772761|1.0|1.0|0.00444444444444|2|2|2064|2064
ckan_keywords_dcc|ckan_keywords_construction contracts|0.00603370772761|1.0|1.0|0.00444444444444|2|2|2064|2064
ckan_keywords_defence construction canada|ckan_keywords_construction contracts|0.00603370772761|1.0|1.0|0.00444444444444|2|2|2064|2064
ckan_keywords_government-industry working group on prompt payment|ckan_keywords_construction contracts|0.00603370772761|1.0|1.0|0.00444444444444|2|2|2064|2064
ckan_keywords_payments to contractors|ckan_keywords_construction contracts|0.00603370772761|1.0|1.0|0.00444444444444|2|2|2064|2064
ckan_keywords_proactive disclosure|ckan_keywords_construction contracts|0.00603370772761|1.0|1.0|0.00444444444444|2|2|2064|2064
ckan_keywords_prompt payments|ckan_keywords_construction contracts|0.00603370772761|1.0|1.0|0.00444444444444|2|2|2064|2064
ckan_keywords_pspc|ckan_keywords_construction contracts|0.00603370772761|1.0|1.0|0.00444444444444|2|2|2064|2064
ckan_keywords_public services and procurement canada|ckan_keywords_construction contracts|0.00603370772761|1.0|1.0|0.00444444444444|2|2|2064|2064
ckan_keywords_contributions|ckan_subject_education_and_training|0.00603370772761|1.0|0.0204081632653061|0.00826446280992|2|4|2064|2064
ckan_keywords_availability|ckan_keywords_coverage|0.0110980843898|1.0|1.0|0.02|2|2|2064|2064
ckan_keywords_broadband|ckan_keywords_coverage|0.0110980843898|1.0|1.0|0.02|2|2|2064|2064
ckan_keywords_hexagon|ckan_keywords_coverage|0.0110980843898|1.0|1.0|0.02|2|2|2064|2064
ckan_keywords_internet service providers|ckan_keywords_coverage|0.0110980843898|1.0|1.0|0.02|2|2|2064|2064
ckan_keywords_coverage|ckan_keywords_national|0.0110980843898|1.0|0.25|0.02|2|5|2064|2064
ckan_keywords_underserved population|ckan_keywords_coverage|0.0110980843898|1.0|1.0|0.02|2|2|2064|2064
ckan_keywords_unserved population|ckan_keywords_coverage|0.0110980843898|1.0|1.0|0.02|2|2|2064|2064
ckan_keywords_critical|ckan_topiccategory_biota|0.00603370772761|1.0|0.1|0.00826446280992|2|6|2064|2064
ckan_keywords_critical infrastructure|ckan_subject_health_and_safety|0.00603370772761|1.0|0.00862068965517241|0.0004|2|5|2064|2064
ckan_keywords_defined contributions|ckan_keywords_dc|0.0110980843898|1.0|1.0|0.0165289256198|2|2|2064|2064
ckan_keywords_limit|ckan_keywords_dc|0.0110980843898|1.0|1.0|0.0165289256198|2|2|2064|2064
ckan_keywords_money purchase|ckan_keywords_dc|0.0110980843898|1.0|1.0|0.0165289256198|2|2|2064|2064
ckan_keywords_mp|ckan_keywords_dc|0.0110980843898|1.0|1.0|0.0165289256198|2|2|2064|2064
ckan_keywords_dc|ckan_keywords_pa|0.0110980843898|1.0|0.5|0.0165289256198|2|3|2064|2064
ckan_keywords_demography|ckan_keywords_census of population|0.0404688109114|1.0|0.310344827586207|0.5625|2|4|2064|2064
ckan_keywords_derailment|ckan_subject_health_and_safety|0.00603370772761|1.0|0.00862068965517241|0.0004|2|5|2064|2064
ckan_keywords_disaster|ckan_subject_health_and_safety|0.00603370772761|1.0|0.00862068965517241|0.0004|2|5|2064|2064
ckan_keywords_downloadable data|ckan_topiccategory_environment|0.00603370772761|1.0|0.0158730158730159|0.01|2|13|2064|2064
ckan_keywords_downstream|ckan_keywords_emissions|0.0110980843898|1.0|0.111111111111111|0.0078125|2|6|2064|2064
ckan_topiccategory_health|ckan_keywords_drinking water|0.0120670766379|1.0|1.0|0.00982340976331|3|3|2064|2064
ckan_keywords_earthquake|ckan_subject_health_and_safety|0.00603370772761|1.0|0.00862068965517241|0.0004|2|5|2064|2064
ckan_keywords_ecosystem risk assessment framework|ckan_keywords_ebm|0.0110980843898|1.0|1.0|0.0246913580247|2|2|2064|2064
ckan_keywords_ecosystem-based management|ckan_keywords_ebm|0.0110980843898|1.0|1.0|0.0246913580247|2|2|2064|2064
ckan_keywords_ehv mpa|ckan_keywords_ebm|0.0110980843898|1.0|1.0|0.0246913580247|2|2|2064|2064
ckan_keywords_endeavour hydrothermal vents marine protected area|ckan_keywords_ebm|0.0110980843898|1.0|1.0|0.0246913580247|2|2|2064|2064
ckan_keywords_eraf|ckan_keywords_ebm|0.0110980843898|1.0|1.0|0.0246913580247|2|2|2064|2064
ckan_keywords_eraf pilot project|ckan_keywords_ebm|0.0110980843898|1.0|1.0|0.0246913580247|2|2|2064|2064
ckan_keywords_ebm|ckan_keywords_pacific|0.0110980843898|1.0|0.333333333333333|0.0246913580247|2|4|2064|2064
ckan_keywords_economic policy|ckan_subject_government_and_politics|0.103599146689|1.0|0.0731070496083551|0.28|2|10|2064|2064
ckan_keywords_ecosystems|ckan_topiccategory_biota|0.00603370772761|1.0|0.1|0.04|2|6|2064|2064
ckan_keywords_employment insurance|ckan_keywords_ei|0.121149890544|1.0|1.0|0.944444444444|2|2|2064|2064
ckan_keywords_mar|ckan_keywords_ei|0.121149890544|1.0|1.0|0.944444444444|2|2|2064|2064
ckan_keywords_ei|ckan_subject_labour|0.121149890544|1.0|0.272|0.944444444444|2|5|2064|2064
ckan_topiccategory_economy|ckan_keywords_ei|0.121149890544|1.0|1.0|0.944444444444|2|2|2064|2064
ckan_keywords_elder assisted hearing|ckan_keywords_conditional release|0.0286827349426|1.0|0.5|0.0136054421769|2|4|2064|2064
ckan_keywords_air pollution|ckan_keywords_emissions|0.0600227074436|1.0|0.666666666666667|0.0368472492234|6|5|2064|2064
ckan_keywords_sources|ckan_keywords_emissions|0.037838763104|1.0|0.444444444444444|0.0268245802476|6|3|2064|2064
ckan_keywords_water pollution|ckan_keywords_emissions|0.0202663661354|0.666666666666667|0.2|0.00308641975309|6|3|2064|2064
ckan_keywords_emissions|ckan_subject_nature_and_environment|0.0659332368068|1.0|0.125|0.0520598130383|6|19|2064|2064
ckan_keywords_bacteria|ckan_keywords_environment|0.0484970181296|1.0|0.714285714285714|0.0366469528988|5|4|2064|2064
ckan_keywords_disposal|ckan_keywords_environment|0.0202568283567|1.0|0.285714285714286|0.00308641975309|5|2|2064|2064
ckan_keywords_energy recovery|ckan_keywords_environment|0.0202568283567|1.0|0.285714285714286|0.00308641975309|5|2|2064|2064
ckan_keywords_environmental programs|ckan_keywords_environment|0.0202568283567|1.0|0.285714285714286|0.00308641975309|5|2|2064|2064
ckan_keywords_facilities|ckan_keywords_environment|0.0202568283567|1.0|0.285714285714286|0.00308641975309|5|2|2064|2064
ckan_keywords_federal provincial agreements|ckan_keywords_environment|0.0327077651228|1.0|0.5|0.0213408304498|5|3|2064|2064
ckan_keywords_industry|ckan_keywords_environment|0.0202568283567|1.0|0.285714285714286|0.00308641975309|5|2|2064|2064
ckan_keywords_inventory|ckan_keywords_environment|0.0202568283567|1.0|0.285714285714286|0.00308641975309|5|2|2064|2064
ckan_keywords_lakes|ckan_keywords_environment|0.0327077651228|1.0|0.5|0.0213408304498|5|3|2064|2064
ckan_keywords_land|ckan_keywords_environment|0.0202568283567|1.0|0.285714285714286|0.00308641975309|5|2|2064|2064
ckan_keywords_major ions|ckan_keywords_environment|0.0484970181296|1.0|0.714285714285714|0.0366469528988|5|4|2064|2064
ckan_keywords_map|ckan_keywords_environment|0.0202568283567|1.0|0.285714285714286|0.00308641975309|5|2|2064|2064
ckan_keywords_metals|ckan_keywords_environment|0.0484970181296|1.0|0.714285714285714|0.0366469528988|5|4|2064|2064
ckan_keywords_monitoring|ckan_keywords_environment|0.0484970181296|1.0|0.714285714285714|0.0366469528988|5|4|2064|2064
ckan_keywords_npri|ckan_keywords_environment|0.0202568283567|1.0|0.285714285714286|0.00308641975309|5|2|2064|2064
ckan_keywords_ozone|ckan_keywords_environment|0.0202568283567|1.0|0.285714285714286|0.00308641975309|5|2|2064|2064
ckan_keywords_recycling|ckan_keywords_environment|0.0202568283567|1.0|0.285714285714286|0.00308641975309|5|2|2064|2064
ckan_keywords_release|ckan_keywords_environment|0.0202568283567|1.0|0.285714285714286|0.00308641975309|5|2|2064|2064
ckan_keywords_rivers|ckan_keywords_environment|0.0484970181296|1.0|0.714285714285714|0.0366469528988|5|4|2064|2064
ckan_keywords_smog|ckan_keywords_environment|0.0202568283567|1.0|0.285714285714286|0.00308641975309|5|2|2064|2064
ckan_keywords_substance|ckan_keywords_environment|0.0202568283567|1.0|0.285714285714286|0.00308641975309|5|2|2064|2064
ckan_keywords_sulphur oxide|ckan_keywords_environment|0.0202568283567|1.0|0.285714285714286|0.00308641975309|5|2|2064|2064
ckan_keywords_surveillance|ckan_keywords_environment|0.0484970181296|1.0|0.714285714285714|0.0366469528988|5|4|2064|2064
ckan_keywords_transboundary|ckan_keywords_environment|0.0484970181296|1.0|0.714285714285714|0.0366469528988|5|4|2064|2064
ckan_keywords_environment|ckan_subject_nature_and_environment|0.0473673221129|1.0|0.0972222222222222|0.0397333726519|5|19|2064|2064
ckan_keywords_air and climate|ckan_keywords_environmental indicators|0.0566455660302|1.0|0.30952380952381|0.0785542179|12|6|2064|2064
ckan_keywords_environmental indicators|ckan_subject_nature_and_environment|0.172652027108|1.0|0.291666666666667|0.195612406569|12|19|2064|2064
ckan_keywords_environmental performance|ckan_keywords_emissions|0.0202568283567|1.0|0.222222222222222|0.00308641975309|2|6|2064|2064
ckan_keywords_environmental radioactivity monitoring|ckan_subject_health_and_safety|0.00603370772761|1.0|0.00862068965517241|0.00591715976331|2|5|2064|2064
ckan_keywords_epidemic|ckan_subject_health_and_safety|0.00603370772761|1.0|0.00862068965517241|0.0004|2|5|2064|2064
ckan_keywords_eskimo curlew; range; downloadable data|ckan_keywords_territories - nunavut (nu)|0.00603370772761|1.0|0.5|0.0123456790123|2|3|2064|2064
ckan_keywords_explosion|ckan_subject_health_and_safety|0.00603370772761|1.0|0.00862068965517241|0.0004|2|5|2064|2064
ckan_keywords_federal budget|ckan_subject_government_and_politics|0.103599146689|1.0|0.0731070496083551|0.28|2|10|2064|2064
ckan_keywords_fine particulate matter|ckan_keywords_province|0.0110980843898|1.0|0.00803212851405622|0.00554016620499|2|4|2064|2064
ckan_keywords_budgets|ckan_keywords_fiscal policy|0.103599146689|1.0|1.0|0.28|2|2|2064|2064
ckan_keywords_federal budget|ckan_keywords_fiscal policy|0.103599146689|1.0|1.0|0.28|2|2|2064|2064
ckan_keywords_public finance|ckan_keywords_fiscal policy|0.103599146689|1.0|1.0|0.28|2|2|2064|2064
ckan_keywords_tax policy|ckan_keywords_fiscal policy|0.103599146689|1.0|1.0|0.28|2|2|2064|2064
ckan_keywords_taxation policy|ckan_keywords_fiscal policy|0.103599146689|1.0|1.0|0.28|2|2|2064|2064
ckan_keywords_fish|ckan_keywords_british columbia|0.00603370772761|1.0|0.00434782608695652|0.00591715976331|2|6|2064|2064
ckan_keywords_fish farming|ckan_keywords_british columbia|0.0157963820015|1.0|0.0130434782608696|0.046875|2|6|2064|2064
ckan_keywords_fisheries and oceans canada|ckan_keywords_british columbia|0.0157963820015|1.0|0.0130434782608696|0.046875|2|6|2064|2064
ckan_keywords_flood|ckan_subject_health_and_safety|0.00603370772761|1.0|0.00862068965517241|0.0004|2|5|2064|2064
ckan_keywords_appeal|ckan_keywords_full parole|0.0202568283567|1.0|0.4|0.0177777777778|3|2|2064|2064
ckan_keywords_appeal decisions|ckan_keywords_full parole|0.0202568283567|1.0|0.4|0.0177777777778|3|2|2064|2064
ckan_keywords_day parole|ckan_keywords_full parole|0.0489314158778|1.0|1.0|0.0313832199546|3|3|2064|2064
ckan_keywords_detention|ckan_keywords_full parole|0.0489314158778|1.0|1.0|0.0313832199546|3|3|2064|2064
ckan_keywords_escorted temporary absence|ckan_keywords_full parole|0.0489314158778|1.0|1.0|0.0313832199546|3|3|2064|2064
ckan_keywords_long term supervision|ckan_keywords_full parole|0.0489314158778|1.0|1.0|0.0313832199546|3|3|2064|2064
ckan_keywords_one chance statutory release|ckan_keywords_full parole|0.0489314158778|1.0|1.0|0.0313832199546|3|3|2064|2064
ckan_keywords_revocation|ckan_keywords_full parole|0.0489314158778|1.0|1.0|0.0313832199546|3|3|2064|2064
ckan_keywords_suspension|ckan_keywords_full parole|0.0489314158778|1.0|1.0|0.0313832199546|3|3|2064|2064
ckan_keywords_unescorted temporary absence|ckan_keywords_full parole|0.0489314158778|1.0|1.0|0.0313832199546|3|3|2064|2064
ckan_keywords_full parole|ckan_subject_law|0.0489314158778|1.0|0.416666666666667|0.0313832199546|3|5|2064|2064
ckan_keywords_general status|ckan_keywords_nature|0.0110980843898|1.0|0.166666666666667|0.00554016620499|2|5|2064|2064
ckan_keywords_geological|ckan_subject_health_and_safety|0.00603370772761|1.0|0.00862068965517241|0.0004|2|5|2064|2064
ckan_keywords_american economy|ckan_keywords_gross domestic product|0.0286827349426|1.0|0.75|0.0123966942149|3|2|2064|2064
ckan_keywords_consumer price index|ckan_keywords_gross domestic product|0.0286827349426|1.0|0.75|0.0123966942149|3|2|2064|2064
ckan_keywords_cpi|ckan_keywords_gross domestic product|0.0286827349426|1.0|0.75|0.0123966942149|3|2|2064|2064
ckan_keywords_economic conditions|ckan_keywords_gross domestic product|0.0286827349426|1.0|0.75|0.0123966942149|3|2|2064|2064
ckan_keywords_economic forecasts|ckan_keywords_gross domestic product|0.0286827349426|1.0|0.75|0.0123966942149|3|2|2064|2064
ckan_keywords_economic price indexes|ckan_keywords_gross domestic product|0.0286827349426|1.0|0.75|0.0123966942149|3|2|2064|2064
ckan_keywords_economic situation|ckan_keywords_gross domestic product|0.0286827349426|1.0|0.75|0.0123966942149|3|2|2064|2064
ckan_keywords_economic trends|ckan_keywords_gross domestic product|0.0286827349426|1.0|0.75|0.0123966942149|3|2|2064|2064
ckan_keywords_employment growth|ckan_keywords_gross domestic product|0.0286827349426|1.0|0.75|0.0123966942149|3|2|2064|2064
ckan_keywords_fiscal planning|ckan_keywords_gross domestic product|0.0286827349426|1.0|0.75|0.0123966942149|3|2|2064|2064
ckan_keywords_gdp|ckan_keywords_gross domestic product|0.0397767476001|1.0|1.0|0.0226007758475|3|3|2064|2064
ckan_keywords_government securities|ckan_keywords_gross domestic product|0.0286827349426|1.0|0.75|0.0123966942149|3|2|2064|2064
ckan_keywords_inflation|ckan_keywords_gross domestic product|0.0286827349426|1.0|0.75|0.0123966942149|3|2|2064|2064
ckan_keywords_international comparison|ckan_keywords_gross domestic product|0.0110980843898|1.0|0.25|0.0102040816327|3|2|2064|2064
ckan_keywords_job growth|ckan_keywords_gross domestic product|0.0286827349426|1.0|0.75|0.0123966942149|3|2|2064|2064
ckan_keywords_oecd|ckan_keywords_gross domestic product|0.0110980843898|1.0|0.25|0.0102040816327|3|2|2064|2064
ckan_keywords_organisation for economic co-operation and development|ckan_keywords_gross domestic product|0.0110980843898|1.0|0.25|0.0102040816327|3|2|2064|2064
ckan_keywords_price indexes|ckan_keywords_gross domestic product|0.0286827349426|1.0|0.75|0.0123966942149|3|2|2064|2064
ckan_keywords_sox|ckan_keywords_gross domestic product|0.0110980843898|1.0|0.25|0.0102040816327|3|2|2064|2064
ckan_keywords_t-bills|ckan_keywords_gross domestic product|0.0286827349426|1.0|0.75|0.0123966942149|3|2|2064|2064
ckan_keywords_treasury bills|ckan_keywords_gross domestic product|0.0286827349426|1.0|0.75|0.0123966942149|3|2|2064|2064
ckan_keywords_unemployment rate|ckan_keywords_gross domestic product|0.0286827349426|1.0|0.75|0.0123966942149|3|2|2064|2064
ckan_keywords_united states economy|ckan_keywords_gross domestic product|0.0286827349426|1.0|0.75|0.0123966942149|3|2|2064|2064
ckan_keywords_us economy|ckan_keywords_gross domestic product|0.0286827349426|1.0|0.75|0.0123966942149|3|2|2064|2064
ckan_keywords_gross domestic product|ckan_subject_economics_and_industry|0.0181073959325|0.75|0.00562851782363977|0.0123966942149|3|16|2064|2064
ckan_keywords_gst-hst filers|ckan_keywords_canada|0.0914016201474|1.0|0.827586206896552|0.0495867768595|2|4|2064|2064
ckan_keywords_gst-hst returns|ckan_keywords_canada|0.0914016201474|1.0|0.827586206896552|0.0495867768595|2|4|2064|2064
ckan_keywords_agricultural land|ckan_keywords_habitat capacity|0.0110980843898|1.0|1.0|0.00888888888889|2|2|2064|2064
ckan_keywords_agricultural regions|ckan_keywords_habitat capacity|0.0110980843898|1.0|1.0|0.00888888888889|2|2|2064|2064
ckan_keywords_agriculture|ckan_keywords_habitat capacity|0.0110980843898|1.0|1.0|0.00888888888889|2|2|2064|2064
ckan_keywords_farmland|ckan_keywords_habitat capacity|0.0110980843898|1.0|1.0|0.00888888888889|2|2|2064|2064
ckan_keywords_habitat capacity|ckan_keywords_species|0.0110980843898|1.0|0.5|0.00888888888889|2|4|2064|2064
ckan_keywords_sustainable agriculture|ckan_keywords_habitat capacity|0.0110980843898|1.0|1.0|0.00888888888889|2|2|2064|2064
ckan_keywords_vegetation|ckan_keywords_habitat capacity|0.0110980843898|1.0|1.0|0.00888888888889|2|2|2064|2064
ckan_keywords_hail|ckan_subject_health_and_safety|0.00603370772761|1.0|0.00862068965517241|0.0004|2|5|2064|2064
ckan_keywords_air|ckan_keywords_harmful substances|0.0313521995765|1.0|1.0|0.0152125638149|3|3|2064|2064
ckan_keywords_commodity classification|ckan_keywords_harmonized system|0.59931423731|1.0|1.0|4.703125|2|2|2064|2064
ckan_keywords_custom-basis merchandise trade data|ckan_keywords_harmonized system|0.59931423731|1.0|1.0|4.703125|2|2|2064|2064
ckan_keywords_exports|ckan_keywords_harmonized system|0.59931423731|1.0|1.0|4.703125|2|2|2064|2064
ckan_keywords_hs|ckan_keywords_harmonized system|0.59931423731|1.0|1.0|4.703125|2|2|2064|2064
ckan_keywords_imports|ckan_keywords_harmonized system|0.59931423731|1.0|1.0|4.703125|2|2|2064|2064
ckan_keywords_international trade|ckan_keywords_harmonized system|0.59931423731|1.0|1.0|4.703125|2|2|2064|2064
ckan_keywords_health canada|ckan_subject_health_and_safety|0.00603370772761|1.0|0.00862068965517241|0.00591715976331|2|5|2064|2064
ckan_keywords_health care system|ckan_subject_health_and_safety|0.00603370772761|1.0|0.00862068965517241|0.00390625|2|5|2064|2064
ckan_keywords_hg|ckan_keywords_emissions|0.0110980843898|1.0|0.111111111111111|0.00413223140496|2|6|2064|2064
ckan_keywords_hierarchical bayesian|ckan_keywords_canada|0.0202568283567|1.0|0.137931034482759|0.0236686390533|2|4|2064|2064
ckan_keywords_housing starts|ckan_keywords_cmhc|0.0175873637228|1.0|0.333333333333333|0.444444444444|2|3|2064|2064
ckan_keywords_hs6|ckan_keywords_hs10|0.0327077651228|1.0|1.0|0.194444444444|2|2|2064|2064
ckan_keywords_importers|ckan_keywords_hs10|0.0327077651228|1.0|1.0|0.194444444444|2|2|2064|2064
ckan_keywords_importers by city|ckan_keywords_hs10|0.0327077651228|1.0|1.0|0.194444444444|2|2|2064|2064
ckan_keywords_importers by country|ckan_keywords_hs10|0.0327077651228|1.0|1.0|0.194444444444|2|2|2064|2064
ckan_keywords_public service employment act|ckan_keywords_human|0.0202568283567|1.0|1.0|0.00216333153056|2|2|2064|2064
ckan_keywords_hurricane|ckan_subject_health_and_safety|0.00603370772761|1.0|0.00862068965517241|0.0004|2|5|2064|2064
ckan_keywords_immunization.|ckan_subject_health_and_safety|0.00603370772761|1.0|0.00862068965517241|0.00390625|2|5|2064|2064
ckan_keywords_incident|ckan_subject_health_and_safety|0.00603370772761|1.0|0.00862068965517241|0.0004|2|5|2064|2064
ckan_keywords_infestation|ckan_subject_health_and_safety|0.00603370772761|1.0|0.00862068965517241|0.0004|2|5|2064|2064
ckan_keywords_bank of canada|ckan_keywords_inflows|0.00603370772761|1.0|1.0|0.0123456790123|2|2|2064|2064
ckan_keywords_cash|ckan_keywords_inflows|0.00603370772761|1.0|1.0|0.0123456790123|2|2|2064|2064
ckan_keywords_consolidated revenue fund|ckan_keywords_inflows|0.00603370772761|1.0|1.0|0.0123456790123|2|2|2064|2064
ckan_keywords_deposits|ckan_keywords_inflows|0.00603370772761|1.0|1.0|0.0123456790123|2|2|2064|2064
ckan_keywords_payments|ckan_keywords_inflows|0.00603370772761|1.0|1.0|0.0123456790123|2|2|2064|2064
ckan_keywords_inflows|ckan_keywords_receiver general|0.00469897541067|1.0|0.0909090909090909|0.0123456790123|2|4|2064|2064
ckan_keywords_transfers|ckan_keywords_inflows|0.00603370772761|1.0|1.0|0.0123456790123|2|2|2064|2064
ckan_keywords_inshore waters|ckan_topiccategory_biota|0.00603370772761|1.0|0.1|0.00346020761246|2|6|2064|2064
ckan_keywords_kidnapping|ckan_subject_health_and_safety|0.00603370772761|1.0|0.00862068965517241|0.0004|2|5|2064|2064
ckan_keywords_guidelines|ckan_keywords_lake winnipeg|0.0202568283567|1.0|1.0|0.0236686390533|2|2|2064|2064
ckan_keywords_nitrogen|ckan_keywords_lake winnipeg|0.0202568283567|1.0|1.0|0.0236686390533|2|2|2064|2064
ckan_keywords_phosphorus|ckan_keywords_lake winnipeg|0.0202568283567|1.0|1.0|0.0236686390533|2|2|2064|2064
ckan_keywords_regional ecosystems|ckan_keywords_lake winnipeg|0.0202568283567|1.0|1.0|0.0236686390533|2|2|2064|2064
ckan_keywords_lampetra richardsoni; variety marifuga|ckan_keywords_british columbia|0.00603370772761|1.0|0.00434782608695652|0.00591715976331|2|6|2064|2064
ckan_keywords_landfill|ckan_keywords_emissions|0.0202568283567|1.0|0.222222222222222|0.00308641975309|2|6|2064|2064
ckan_keywords_landslide|ckan_subject_health_and_safety|0.00603370772761|1.0|0.00862068965517241|0.0004|2|5|2064|2064
ckan_keywords_legal entity status|ckan_keywords_canada|0.0914016201474|1.0|0.827586206896552|0.0495867768595|2|4|2064|2064
ckan_keywords_marine biology|ckan_keywords_scientific information|0.0110980843898|1.0|0.666666666666667|0.00888888888889|2|3|2064|2064
ckan_keywords_marketing|ckan_subject_health_and_safety|0.00603370772761|1.0|0.00862068965517241|0.00390625|2|5|2064|2064
ckan_keywords_median wage|ckan_subject_labour|0.00603370772761|1.0|0.008|0.00694444444444|2|5|2064|2064
ckan_keywords_minimum wage|ckan_subject_labour|0.00603370772761|1.0|0.008|0.00694444444444|2|5|2064|2064
ckan_keywords_naics|ckan_keywords_canada|0.0914016201474|1.0|0.827586206896552|0.0495867768595|2|4|2064|2064
ckan_keywords_national|ckan_keywords_environmental indicators|0.0229391020017|0.75|0.136363636363636|0.0249369968576|5|12|2064|2064
ckan_keywords_national monitoring section|ckan_subject_health_and_safety|0.00603370772761|1.0|0.00862068965517241|0.00591715976331|2|5|2064|2064
ckan_keywords_historical summary|ckan_keywords_natural gas exports|0.0442271978814|1.0|1.0|0.4|2|2|2064|2064
ckan_keywords_purchaser type|ckan_keywords_natural gas exports|0.0442271978814|1.0|1.0|0.4|2|2|2064|2064
ckan_keywords_volume|ckan_keywords_natural gas exports|0.0442271978814|1.0|1.0|0.4|2|2|2064|2064
ckan_keywords_conservation|ckan_keywords_nature|0.0336970306169|1.0|0.583333333333333|0.0370019723866|5|3|2064|2064
ckan_keywords_nature|ckan_subject_nature_and_environment|0.0444464923584|1.0|0.0833333333333333|0.0596954902904|5|19|2064|2064
ckan_keywords_birds|ckan_keywords_nature and biodiversity - habitat|0.0181004458772|0.75|0.6|0.0379706790123|5|5|2064|2064
ckan_keywords_nature and biodiversity - habitat|ckan_subject_nature_and_environment|0.0176672072482|1.0|0.0277777777777778|0.0462351418223|5|19|2064|2064
ckan_keywords_ne nature and environment|ckan_keywords_canada|0.0202568283567|1.0|0.137931034482759|0.0236686390533|2|4|2064|2064
ckan_keywords_ne nature and environment birds|ckan_keywords_canada|0.0202568283567|1.0|0.137931034482759|0.0236686390533|2|4|2064|2064
ckan_keywords_net tax|ckan_keywords_canada|0.0914016201474|1.0|0.827586206896552|0.0495867768595|2|4|2064|2064
ckan_keywords_nitrogen oxides|ckan_keywords_air pollution|0.042446212234|1.0|0.666666666666667|0.0164390859581|4|5|2064|2064
ckan_keywords_nuclear|ckan_subject_health_and_safety|0.00603370772761|1.0|0.00862068965517241|0.0004|2|5|2064|2064
ckan_keywords_oceans|ckan_subject_nature_and_environment|0.0115265617533|1.0|0.0208333333333333|0.0127951388889|3|19|2064|2064
ckan_keywords_oil and gas|ckan_keywords_air pollutants|0.0110980843898|1.0|0.2|0.0078125|2|5|2064|2064
ckan_keywords_atlantic - new brunswick (nb)|ckan_keywords_other|0.00603370772761|1.0|1.0|0.00390625|2|2|2064|2064
ckan_keywords_atlantic - newfoundland and labrador (nl)|ckan_keywords_other|0.00603370772761|1.0|1.0|0.00390625|2|2|2064|2064
ckan_keywords_atlantic - nova scotia (ns)|ckan_keywords_other|0.00603370772761|1.0|1.0|0.00390625|2|2|2064|2064
ckan_keywords_atlantic - prince edward island (pe)|ckan_keywords_other|0.00603370772761|1.0|1.0|0.00390625|2|2|2064|2064
ckan_keywords_other|ckan_keywords_oceans|0.00469897541067|1.0|0.333333333333333|0.00390625|2|3|2064|2064
ckan_keywords_oversee and manage site conditions|ckan_keywords_other|0.00603370772761|1.0|1.0|0.00390625|2|2|2064|2064
ckan_keywords_quebec (qc)|ckan_keywords_other|0.00603370772761|1.0|1.0|0.00390625|2|2|2064|2064
ckan_keywords_respond to environmental emergencies|ckan_keywords_other|0.00603370772761|1.0|1.0|0.00390625|2|2|2064|2064
ckan_keywords_water - drainage regions - maritime coastal|ckan_keywords_other|0.00603370772761|1.0|1.0|0.00390625|2|2|2064|2064
ckan_keywords_water - drainage regions - newfoundland–labrador|ckan_keywords_other|0.00603370772761|1.0|1.0|0.00390625|2|2|2064|2064
ckan_keywords_water - drainage regions - saint john–st. croix|ckan_keywords_other|0.00603370772761|1.0|1.0|0.00390625|2|2|2064|2064
ckan_keywords_water - major drainage area - maritime provinces|ckan_keywords_other|0.00603370772761|1.0|1.0|0.00390625|2|2|2064|2064
ckan_keywords_water - ocean basin - arctic ocean|ckan_keywords_other|0.00603370772761|1.0|1.0|0.00390625|2|2|2064|2064
ckan_topiccategory_oceans|ckan_keywords_other|0.00603370772761|1.0|1.0|0.00390625|2|2|2064|2064
ckan_keywords_administrator|ckan_keywords_pa|0.0221948128528|1.0|1.0|0.0283632451465|3|3|2064|2064
ckan_keywords_pension plan|ckan_keywords_pa|0.0221948128528|1.0|1.0|0.0283632451465|3|3|2064|2064
ckan_keywords_pacfic|ckan_keywords_british columbia|0.00603370772761|1.0|0.00434782608695652|0.00591715976331|2|6|2064|2064
ckan_keywords_pacific|ckan_subject_nature_and_environment|0.0249272359481|1.0|0.0416666666666667|0.113580246914|4|19|2064|2064
ckan_keywords_pacific region|ckan_keywords_british columbia|0.0157963820015|1.0|0.0130434782608696|0.046875|2|6|2064|2064
ckan_keywords_pandemic|ckan_subject_health_and_safety|0.00603370772761|1.0|0.00862068965517241|0.0004|2|5|2064|2064
ckan_keywords_particulate matter|ckan_keywords_emissions|0.0202568283567|1.0|0.222222222222222|0.00308641975309|2|6|2064|2064
ckan_keywords_lead|ckan_keywords_pb|0.0221948128528|1.0|1.0|0.00967239760994|3|3|2064|2064
ckan_keywords_grants and contributions|ckan_keywords_pd|0.0110980843898|1.0|1.0|0.08|2|2|2064|2064
ckan_keywords_proactive disclosire|ckan_keywords_pd|0.0110980843898|1.0|1.0|0.08|2|2|2064|2064
ckan_keywords_pd|ckan_subject_information_and_communications|0.0110980843898|1.0|0.0952380952380952|0.08|2|4|2064|2064
ckan_keywords_pelagic|ckan_topiccategory_biota|0.00603370772761|1.0|0.1|0.00346020761246|2|6|2064|2064
ckan_keywords_pa|ckan_keywords_pension adjustment|0.0221948128528|1.0|1.0|0.0283632451465|3|3|2064|2064
ckan_keywords_contribution limit|ckan_keywords_pension adjustment reversal|0.0110980843898|1.0|1.0|0.0118343195266|2|2|2064|2064
ckan_keywords_deferred profit sharing plan|ckan_keywords_pension adjustment reversal|0.0110980843898|1.0|1.0|0.0118343195266|2|2|2064|2064
ckan_keywords_dpsp|ckan_keywords_pension adjustment reversal|0.0110980843898|1.0|1.0|0.0118343195266|2|2|2064|2064
ckan_keywords_employer|ckan_keywords_pension adjustment reversal|0.0110980843898|1.0|1.0|0.0118343195266|2|2|2064|2064
ckan_keywords_group arrangement|ckan_keywords_pension adjustment reversal|0.0110980843898|1.0|1.0|0.0118343195266|2|2|2064|2064
ckan_keywords_pension adjustment reversal|ckan_keywords_pa|0.0110980843898|1.0|0.5|0.0118343195266|2|3|2064|2064
ckan_keywords_par|ckan_keywords_pension adjustment reversal|0.0110980843898|1.0|1.0|0.0118343195266|2|2|2064|2064
ckan_keywords_organics|ckan_keywords_pesticides|0.0157963820015|1.0|1.0|0.0075|2|2|2064|2064
ckan_keywords_prairie provinces water board|ckan_keywords_pesticides|0.0157963820015|1.0|1.0|0.0075|2|2|2064|2064
ckan_keywords_planted|ckan_keywords_canada|0.00603370772761|1.0|0.0344827586206897|0.00826446280992|2|4|2064|2064
ckan_keywords_plants|ckan_topiccategory_biota|0.00603370772761|1.0|0.1|0.04|2|6|2064|2064
ckan_keywords_pollutant|ckan_keywords_emissions|0.0202568283567|1.0|0.222222222222222|0.00308641975309|2|6|2064|2064
ckan_keywords_pollution prevention|ckan_keywords_emissions|0.0202568283567|1.0|0.222222222222222|0.00308641975309|2|6|2064|2064
ckan_keywords_post-secondary education - pse|ckan_subject_education_and_training|0.00603370772761|1.0|0.0204081632653061|0.00826446280992|2|4|2064|2064
ckan_keywords_aquatic life|ckan_keywords_pressures|0.0110980843898|1.0|1.0|0.00692041522491|2|2|2064|2064
ckan_keywords_canadian rivers|ckan_keywords_pressures|0.0110980843898|1.0|1.0|0.00692041522491|2|2|2064|2064
ckan_keywords_drainage region|ckan_keywords_pressures|0.0110980843898|1.0|1.0|0.00692041522491|2|2|2064|2064
ckan_keywords_freshwater|ckan_keywords_pressures|0.0110980843898|1.0|1.0|0.00692041522491|2|2|2064|2064
ckan_keywords_human activity|ckan_keywords_pressures|0.0110980843898|1.0|1.0|0.00692041522491|2|2|2064|2064
ckan_keywords_human impacts|ckan_keywords_pressures|0.0110980843898|1.0|1.0|0.00692041522491|2|2|2064|2064
ckan_keywords_monitoring sites|ckan_keywords_pressures|0.0110980843898|1.0|1.0|0.00692041522491|2|2|2064|2064
ckan_keywords_pressures|ckan_keywords_national|0.0110980843898|1.0|0.25|0.00692041522491|2|5|2064|2064
ckan_keywords_water quality guidelines|ckan_keywords_pressures|0.0110980843898|1.0|1.0|0.00692041522491|2|2|2064|2064
ckan_keywords_procellariiformes|ckan_topiccategory_biota|0.00603370772761|1.0|0.1|0.00346020761246|2|6|2064|2064
ckan_keywords_production|ckan_keywords_emissions|0.0110980843898|1.0|0.111111111111111|0.0078125|2|6|2064|2064
ckan_keywords_chart of accounts|ckan_keywords_program codes|0.0286827349426|1.0|1.0|0.0207612456747|2|2|2064|2064
ckan_keywords_coa|ckan_keywords_program codes|0.0286827349426|1.0|1.0|0.0207612456747|2|2|2064|2064
ckan_keywords_core responsibilities|ckan_keywords_program codes|0.0286827349426|1.0|1.0|0.0207612456747|2|2|2064|2064
ckan_keywords_core responsibility|ckan_keywords_program codes|0.0286827349426|1.0|1.0|0.0207612456747|2|2|2064|2064
ckan_keywords_financial coding|ckan_keywords_program codes|0.0286827349426|1.0|1.0|0.0207612456747|2|2|2064|2064
ckan_keywords_government-wide chart of accounts|ckan_keywords_program codes|0.0286827349426|1.0|1.0|0.0207612456747|2|2|2064|2064
ckan_keywords_gwcoa|ckan_keywords_program codes|0.0286827349426|1.0|1.0|0.0207612456747|2|2|2064|2064
ckan_keywords_list of program codes|ckan_keywords_program codes|0.0286827349426|1.0|1.0|0.0207612456747|2|2|2064|2064
ckan_keywords_prog|ckan_keywords_program codes|0.0286827349426|1.0|1.0|0.0207612456747|2|2|2064|2064
ckan_keywords_program activity architecture|ckan_keywords_program codes|0.0286827349426|1.0|1.0|0.0207612456747|2|2|2064|2064
ckan_keywords_program activity codes|ckan_keywords_program codes|0.0286827349426|1.0|1.0|0.0207612456747|2|2|2064|2064
ckan_keywords_program alignment architecture|ckan_keywords_program codes|0.0286827349426|1.0|1.0|0.0207612456747|2|2|2064|2064
ckan_keywords_program inventory|ckan_keywords_program codes|0.0286827349426|1.0|1.0|0.0207612456747|2|2|2064|2064
ckan_keywords_programs|ckan_keywords_program codes|0.0286827349426|1.0|1.0|0.0207612456747|2|2|2064|2064
ckan_keywords_program codes|ckan_keywords_receiver general|0.0286827349426|1.0|0.545454545454545|0.0207612456747|2|4|2064|2064
ckan_keywords_protect and restore species|ckan_keywords_nature and biodiversity - habitat|0.0181001065665|1.0|0.75|0.0379706790123|4|5|2064|2064
ckan_keywords_territories - northwest territories (nt)|ckan_keywords_protect and restore species|0.0120670766379|1.0|0.666666666666667|0.0223456790123|4|3|2064|2064
ckan_keywords_territories - nunavut (nu)|ckan_keywords_protect and restore species|0.0120670766379|1.0|0.666666666666667|0.0279706790123|4|3|2064|2064
ckan_keywords_government of canada|ckan_keywords_public accounts|0.0221948128528|1.0|1.0|0.0348954396573|3|3|2064|2064
ckan_keywords_public accounts|ckan_keywords_receiver general|0.0208600805359|1.0|0.363636363636364|0.0348954396573|3|4|2064|2064
ckan_keywords_public opinion research|ckan_subject_information_and_communications|0.00603370772761|1.0|0.0476190476190476|0.0277777777778|2|4|2064|2064
ckan_keywords_active status|ckan_keywords_public service employment act|0.0202568283567|1.0|1.0|0.00216333153056|2|2|2064|2064
ckan_keywords_appointment|ckan_keywords_public service employment act|0.0202568283567|1.0|1.0|0.00216333153056|2|2|2064|2064
ckan_keywords_attrition rate|ckan_keywords_public service employment act|0.0202568283567|1.0|1.0|0.00216333153056|2|2|2064|2064
ckan_keywords_bargaining unit designator code|ckan_keywords_public service employment act|0.0202568283567|1.0|1.0|0.00216333153056|2|2|2064|2064
ckan_keywords_board|ckan_keywords_public service employment act|0.0202568283567|1.0|1.0|0.00216333153056|2|2|2064|2064
ckan_keywords_bud code|ckan_keywords_public service employment act|0.0202568283567|1.0|1.0|0.00216333153056|2|2|2064|2064
ckan_keywords_chief|ckan_keywords_public service employment act|0.0202568283567|1.0|1.0|0.00216333153056|2|2|2064|2064
ckan_keywords_cpa|ckan_keywords_public service employment act|0.0202568283567|1.0|1.0|0.00216333153056|2|2|2064|2064
ckan_keywords_employment equity act|ckan_keywords_public service employment act|0.0202568283567|1.0|1.0|0.00216333153056|2|2|2064|2064
ckan_keywords_faa|ckan_keywords_public service employment act|0.0202568283567|1.0|1.0|0.00216333153056|2|2|2064|2064
ckan_keywords_federal public service|ckan_keywords_public service employment act|0.0202568283567|1.0|1.0|0.00216333153056|2|2|2064|2064
ckan_keywords_financial administration act|ckan_keywords_public service employment act|0.0202568283567|1.0|1.0|0.00216333153056|2|2|2064|2064
ckan_keywords_fps|ckan_keywords_public service employment act|0.0202568283567|1.0|1.0|0.00216333153056|2|2|2064|2064
ckan_keywords_full time|ckan_keywords_public service employment act|0.0202568283567|1.0|1.0|0.00216333153056|2|2|2064|2064
ckan_keywords_hires|ckan_keywords_public service employment act|0.0202568283567|1.0|1.0|0.00216333153056|2|2|2064|2064
ckan_keywords_inactive status|ckan_keywords_public service employment act|0.0202568283567|1.0|1.0|0.00216333153056|2|2|2064|2064
ckan_keywords_leave type|ckan_keywords_public service employment act|0.0202568283567|1.0|1.0|0.00216333153056|2|2|2064|2064
ckan_keywords_ochro|ckan_keywords_public service employment act|0.0202568283567|1.0|1.0|0.00216333153056|2|2|2064|2064
ckan_keywords_office|ckan_keywords_public service employment act|0.0202568283567|1.0|1.0|0.00216333153056|2|2|2064|2064
ckan_keywords_office of the chief human resources officer|ckan_keywords_public service employment act|0.0202568283567|1.0|1.0|0.00216333153056|2|2|2064|2064
ckan_keywords_part time|ckan_keywords_public service employment act|0.0202568283567|1.0|1.0|0.00216333153056|2|2|2064|2064
ckan_keywords_promotion|ckan_keywords_public service employment act|0.0202568283567|1.0|1.0|0.00216333153056|2|2|2064|2064
ckan_keywords_psea|ckan_keywords_public service employment act|0.0202568283567|1.0|1.0|0.00216333153056|2|2|2064|2064
ckan_keywords_resources|ckan_keywords_public service employment act|0.0202568283567|1.0|1.0|0.00216333153056|2|2|2064|2064
ckan_keywords_retirement without penalty eligibility|ckan_keywords_public service employment act|0.0202568283567|1.0|1.0|0.00216333153056|2|2|2064|2064
ckan_keywords_secretariat|ckan_keywords_public service employment act|0.0202568283567|1.0|1.0|0.00216333153056|2|2|2064|2064
ckan_keywords_separate agencies|ckan_keywords_public service employment act|0.0202568283567|1.0|1.0|0.00216333153056|2|2|2064|2064
ckan_keywords_tbs|ckan_keywords_public service employment act|0.0202568283567|1.0|1.0|0.00216333153056|2|2|2064|2064
ckan_keywords_treasury|ckan_keywords_public service employment act|0.0202568283567|1.0|1.0|0.00216333153056|2|2|2064|2064
ckan_keywords_treasury board secretariat|ckan_keywords_public service employment act|0.0202568283567|1.0|1.0|0.00216333153056|2|2|2064|2064
ckan_keywords_acan|ckan_keywords_purchase|0.0366322587456|1.0|1.0|0.0151228733459|2|2|2064|2064
ckan_keywords_awards|ckan_keywords_purchase|0.0366322587456|1.0|1.0|0.0151228733459|2|2|2064|2064
ckan_keywords_methods of supply|ckan_keywords_purchase|0.0366322587456|1.0|1.0|0.0151228733459|2|2|2064|2064
ckan_keywords_procurement specialists|ckan_keywords_purchase|0.0366322587456|1.0|1.0|0.0151228733459|2|2|2064|2064
ckan_keywords_request for information|ckan_keywords_purchase|0.0366322587456|1.0|1.0|0.0151228733459|2|2|2064|2064
ckan_keywords_request for proposal|ckan_keywords_purchase|0.0366322587456|1.0|1.0|0.0151228733459|2|2|2064|2064
ckan_keywords_rfi|ckan_keywords_purchase|0.0366322587456|1.0|1.0|0.0151228733459|2|2|2064|2064
ckan_keywords_rfp|ckan_keywords_purchase|0.0366322587456|1.0|1.0|0.0151228733459|2|2|2064|2064
ckan_keywords_purchase|ckan_subject_education_and_training|0.0366322587456|1.0|0.163265306122449|0.0151228733459|2|4|2064|2064
ckan_keywords_radiation monitoring|ckan_subject_health_and_safety|0.00603370772761|1.0|0.00862068965517241|0.00591715976331|2|5|2064|2064
ckan_keywords_radioactivity|ckan_subject_health_and_safety|0.00603370772761|1.0|0.00862068965517241|0.00591715976331|2|5|2064|2064
ckan_keywords_radiological|ckan_subject_health_and_safety|0.00603370772761|1.0|0.00862068965517241|0.0004|2|5|2064|2064
ckan_keywords_receiver general|ckan_subject_government_and_politics|0.0520672665597|1.0|0.0287206266318538|0.0680023643444|4|10|2064|2064
ckan_keywords_regional|ckan_keywords_air pollutants|0.0110980843898|1.0|0.2|0.02|2|5|2064|2064
ckan_keywords_personal income taxes|ckan_keywords_report|0.0787304429551|1.0|0.454545454545455|0.3125|3|2|2064|2064
ckan_keywords_statistics|ckan_keywords_report|0.169967755062|1.0|1.0|0.36208677686|3|3|2064|2064
ckan_keywords_tax bracket|ckan_keywords_report|0.0787304429551|1.0|0.454545454545455|0.3125|3|2|2064|2064
ckan_keywords_elections|ckan_keywords_results|0.623491372619|1.0|1.0|20.0625|2|2|2064|2064
ckan_keywords_federal|ckan_keywords_results|0.623491372619|1.0|1.0|20.0625|2|2|2064|2064
ckan_keywords_results|ckan_subject_government_and_politics|0.623491372619|1.0|0.838120104438642|20.0625|2|10|2064|2064
ckan_keywords_pa|ckan_keywords_retirement|0.0221948128528|1.0|1.0|0.0283632451465|3|3|2064|2064
ckan_keywords_consolidated accounts|ckan_keywords_revenues|0.0110980843898|1.0|1.0|0.0246913580247|2|2|2064|2064
ckan_keywords_employment insurance operating account|ckan_keywords_revenues|0.0110980843898|1.0|1.0|0.0246913580247|2|2|2064|2064
ckan_keywords_expenses|ckan_keywords_revenues|0.0110980843898|1.0|1.0|0.0246913580247|2|2|2064|2064
ckan_keywords_revenues|ckan_keywords_public accounts|0.0110980843898|1.0|0.5|0.0246913580247|2|3|2064|2064
ckan_keywords_volume 1|ckan_keywords_revenues|0.0110980843898|1.0|1.0|0.0246913580247|2|2|2064|2064
ckan_keywords_riot|ckan_subject_health_and_safety|0.00603370772761|1.0|0.00862068965517241|0.0004|2|5|2064|2064
ckan_keywords_salmon farming|ckan_keywords_british columbia|0.0157963820015|1.0|0.0130434782608696|0.046875|2|6|2064|2064
ckan_keywords_abundance|ckan_keywords_scientific information|0.0110980843898|1.0|0.666666666666667|0.00888888888889|3|2|2064|2064
ckan_keywords_aerial survey|ckan_keywords_scientific information|0.0110980843898|1.0|0.666666666666667|0.00888888888889|3|2|2064|2064
ckan_keywords_haulout location|ckan_keywords_scientific information|0.0110980843898|1.0|0.666666666666667|0.00888888888889|3|2|2064|2064
ckan_keywords_population distribution|ckan_keywords_scientific information|0.0110980843898|1.0|0.666666666666667|0.00888888888889|3|2|2064|2064
ckan_keywords_scientific research|ckan_keywords_scientific information|0.0171311143184|1.0|1.0|0.0148060486522|3|3|2064|2064
ckan_keywords_steller sea lion|ckan_keywords_scientific information|0.0110980843898|1.0|0.666666666666667|0.00888888888889|3|2|2064|2064
ckan_keywords_scientific research|ckan_subject_science_and_technology|0.0171311143184|1.0|0.06|0.0148060486522|3|9|2064|2064
ckan_keywords_seabirds|ckan_topiccategory_biota|0.00603370772761|1.0|0.1|0.00346020761246|2|6|2064|2064
ckan_keywords_seasons|ckan_topiccategory_biota|0.00603370772761|1.0|0.1|0.00346020761246|2|6|2064|2064
ckan_keywords_sector|ckan_subject_nature_and_environment|0.0239242430678|1.0|0.0416666666666667|0.016975308642|3|19|2064|2064
ckan_keywords_at risk|ckan_keywords_secure|0.0110980843898|1.0|1.0|0.00554016620499|2|2|2064|2064
ckan_keywords_biological diversity|ckan_keywords_secure|0.0110980843898|1.0|1.0|0.00554016620499|2|2|2064|2064
ckan_keywords_diversity|ckan_keywords_secure|0.0110980843898|1.0|1.0|0.00554016620499|2|2|2064|2064
ckan_keywords_environmental indicator|ckan_keywords_secure|0.0110980843898|1.0|1.0|0.00554016620499|2|2|2064|2064
ckan_keywords_extinct|ckan_keywords_secure|0.0110980843898|1.0|1.0|0.00554016620499|2|2|2064|2064
ckan_keywords_extirpated|ckan_keywords_secure|0.0110980843898|1.0|1.0|0.00554016620499|2|2|2064|2064
ckan_keywords_secure|ckan_keywords_nature|0.0110980843898|1.0|0.166666666666667|0.00554016620499|2|5|2064|2064
ckan_keywords_sensitive|ckan_keywords_secure|0.0110980843898|1.0|1.0|0.00554016620499|2|2|2064|2064
ckan_keywords_threats|ckan_keywords_secure|0.0110980843898|1.0|1.0|0.00554016620499|2|2|2064|2064
ckan_keywords_wild species|ckan_keywords_secure|0.0110980843898|1.0|1.0|0.00554016620499|2|2|2064|2064
ckan_keywords_seeded|ckan_keywords_canada|0.00603370772761|1.0|0.0344827586206897|0.00826446280992|2|4|2064|2064
ckan_keywords_snow|ckan_subject_health_and_safety|0.00603370772761|1.0|0.00862068965517241|0.0004|2|5|2064|2064
ckan_keywords_special conditions|ckan_keywords_conditional release|0.0286827349426|1.0|0.5|0.0136054421769|2|4|2064|2064
ckan_keywords_habitat|ckan_keywords_species|0.0171311143184|1.0|0.75|0.0171533516988|4|3|2064|2064
ckan_keywords_habitats|ckan_keywords_species|0.0171311143184|1.0|0.75|0.0171533516988|4|3|2064|2064
ckan_keywords_species|ckan_subject_nature_and_environment|0.0152177279943|1.0|0.0277777777777778|0.0206135593113|4|19|2064|2064
ckan_keywords_species at risk|ckan_topiccategory_biota|0.00603370772761|1.0|0.1|0.00826446280992|2|6|2064|2064
ckan_keywords_st. lawrence river|ckan_keywords_wetlands|0.0202568283567|1.0|0.571428571428571|0.16|2|3|2064|2064
ckan_keywords_bird populations|ckan_keywords_status|0.00603370772761|1.0|0.0909090909090909|0.00826446280992|5|2|2064|2064
ckan_keywords_bird species|ckan_keywords_status|0.00603370772761|1.0|0.0909090909090909|0.00826446280992|5|2|2064|2064
ckan_keywords_status|ckan_keywords_environment|0.0484983809965|0.909090909090909|0.666666666666667|0.0366469528988|5|5|2064|2064
ckan_keywords_migratory bird|ckan_keywords_status|0.00603370772761|1.0|0.0909090909090909|0.00826446280992|5|2|2064|2064
ckan_keywords_organics|ckan_keywords_status|0.0124550075091|1.0|0.272727272727273|0.0075|5|2|2064|2064
ckan_keywords_trends|ckan_keywords_status|0.0545273302704|1.0|1.0|0.0449114157087|5|5|2064|2064
ckan_keywords_wintering area|ckan_keywords_status|0.00603370772761|1.0|0.0909090909090909|0.00826446280992|5|2|2064|2064
ckan_keywords_storm|ckan_subject_health_and_safety|0.00603370772761|1.0|0.00862068965517241|0.0004|2|5|2064|2064
ckan_keywords_storm surge|ckan_subject_health_and_safety|0.00603370772761|1.0|0.00862068965517241|0.0004|2|5|2064|2064
ckan_keywords_student employee|ckan_subject_government_and_politics|0.0202568283567|1.0|0.010443864229765|0.00216333153056|2|10|2064|2064
ckan_keywords_sulphur dioxide|ckan_keywords_air pollutants|0.0110980843898|1.0|0.2|0.02|2|5|2064|2064
ckan_keywords_sulphur oxides|ckan_keywords_air pollutants|0.0313521995765|1.0|0.6|0.0235567478376|4|5|2064|2064
ckan_subject_arts_music_literature|ckan_keywords_summary tables|0.0023621273008|0.5|0.0194174757281553|0.5|2|2|2064|2064
ckan_keywords_businesses|ckan_keywords_supply arrangements|0.0426632513247|1.0|1.0|0.016233984457|3|3|2064|2064
ckan_keywords_buy|ckan_keywords_supply arrangements|0.00603370772761|1.0|0.111111111111111|0.00111111111111|3|2|2064|2064
ckan_keywords_buyers|ckan_keywords_supply arrangements|0.0426632513247|1.0|1.0|0.016233984457|3|3|2064|2064
ckan_keywords_classification|ckan_keywords_supply arrangements|0.00603370772761|1.0|0.111111111111111|0.00111111111111|3|2|2064|2064
ckan_keywords_code|ckan_keywords_supply arrangements|0.00603370772761|1.0|0.111111111111111|0.00111111111111|3|2|2064|2064
ckan_keywords_commodity|ckan_keywords_supply arrangements|0.00603370772761|1.0|0.111111111111111|0.00111111111111|3|2|2064|2064
ckan_keywords_construction|ckan_keywords_supply arrangements|0.0426632513247|1.0|1.0|0.016233984457|3|3|2064|2064
ckan_keywords_contract history|ckan_keywords_supply arrangements|0.00603370772761|1.0|0.111111111111111|0.00111111111111|3|2|2064|2064
ckan_keywords_contracts|ckan_keywords_supply arrangements|0.0426632513247|1.0|1.0|0.016233984457|3|3|2064|2064
ckan_keywords_data standard|ckan_keywords_supply arrangements|0.00603370772761|1.0|0.111111111111111|0.00111111111111|3|2|2064|2064
ckan_keywords_family|ckan_keywords_supply arrangements|0.00603370772761|1.0|0.111111111111111|0.00111111111111|3|2|2064|2064
ckan_keywords_federal government|ckan_keywords_supply arrangements|0.00603370772761|1.0|0.111111111111111|0.00111111111111|3|2|2064|2064
ckan_keywords_goods|ckan_keywords_supply arrangements|0.0426632513247|1.0|1.0|0.016233984457|3|3|2064|2064
ckan_keywords_goods and services identification numbers|ckan_keywords_supply arrangements|0.00603370772761|1.0|0.111111111111111|0.00111111111111|3|2|2064|2064
ckan_keywords_gsin|ckan_keywords_supply arrangements|0.0426632513247|1.0|1.0|0.016233984457|3|3|2064|2064
ckan_keywords_opportunities|ckan_keywords_supply arrangements|0.0426632513247|1.0|1.0|0.016233984457|3|3|2064|2064
ckan_keywords_procurement|ckan_keywords_supply arrangements|0.0426632513247|1.0|1.0|0.016233984457|3|3|2064|2064
ckan_keywords_registration|ckan_keywords_supply arrangements|0.00603370772761|1.0|0.111111111111111|0.00111111111111|3|2|2064|2064
ckan_keywords_segment|ckan_keywords_supply arrangements|0.00603370772761|1.0|0.111111111111111|0.00111111111111|3|2|2064|2064
ckan_keywords_sell|ckan_keywords_supply arrangements|0.00603370772761|1.0|0.111111111111111|0.00111111111111|3|2|2064|2064
ckan_keywords_services|ckan_keywords_supply arrangements|0.0426632513247|1.0|1.0|0.016233984457|3|3|2064|2064
ckan_keywords_standing offers|ckan_keywords_supply arrangements|0.0426632513247|1.0|1.0|0.016233984457|3|3|2064|2064
ckan_keywords_supplier|ckan_keywords_supply arrangements|0.00603370772761|1.0|0.111111111111111|0.00111111111111|3|2|2064|2064
ckan_keywords_tenders|ckan_keywords_supply arrangements|0.0426632513247|1.0|1.0|0.016233984457|3|3|2064|2064
ckan_keywords_united nations standard products and services code|ckan_keywords_supply arrangements|0.00603370772761|1.0|0.111111111111111|0.00111111111111|3|2|2064|2064
ckan_keywords_unspsc|ckan_keywords_supply arrangements|0.00603370772761|1.0|0.111111111111111|0.00111111111111|3|2|2064|2064
ckan_keywords_supply arrangements|ckan_subject_education_and_training|0.0366463418692|0.888888888888889|0.16|0.0151228733459|3|4|2064|2064
ckan_keywords_survey|ckan_subject_information_and_communications|0.00603370772761|1.0|0.0476190476190476|0.0277777777778|2|4|2064|2064
ckan_keywords_taxonomic groups|ckan_keywords_nature|0.0110980843898|1.0|0.166666666666667|0.00554016620499|2|5|2064|2064
ckan_keywords_technological|ckan_subject_health_and_safety|0.00603370772761|1.0|0.00862068965517241|0.0004|2|5|2064|2064
ckan_keywords_2015|ckan_keywords_temperature|0.147550637304|1.0|0.973684210526316|0.0149033325115|4|3|2064|2064
ckan_keywords_2015 games|ckan_keywords_temperature|0.147550637304|1.0|0.973684210526316|0.0149033325115|4|3|2064|2064
ckan_keywords_air temperature|ckan_keywords_temperature|0.147550637304|1.0|0.973684210526316|0.0149033325115|4|3|2064|2064
ckan_keywords_altimeter|ckan_keywords_temperature|0.0721891404596|1.0|0.473684210526316|0.00665680473373|4|2|2064|2064
ckan_keywords_ambient temperature|ckan_keywords_temperature|0.147550637304|1.0|0.973684210526316|0.0149033325115|4|3|2064|2064
ckan_keywords_atmospheric monitoring|ckan_keywords_temperature|0.147550637304|1.0|0.973684210526316|0.0149033325115|4|3|2064|2064
ckan_keywords_automated stations|ckan_keywords_temperature|0.0721891404596|1.0|0.473684210526316|0.00665680473373|4|2|2064|2064
ckan_keywords_aviation|ckan_keywords_temperature|0.0721891404596|1.0|0.473684210526316|0.00665680473373|4|2|2064|2064
ckan_keywords_awos|ckan_keywords_temperature|0.0721891404596|1.0|0.473684210526316|0.00665680473373|4|2|2064|2064
ckan_keywords_buoy|ckan_keywords_temperature|0.0754783653235|1.0|0.5|0.00824652777778|4|2|2064|2064
ckan_keywords_cloud amount|ckan_keywords_temperature|0.0721891404596|1.0|0.473684210526316|0.00665680473373|4|2|2064|2064
ckan_keywords_cloud base|ckan_keywords_temperature|0.0721891404596|1.0|0.473684210526316|0.00665680473373|4|2|2064|2064
ckan_keywords_cloud height|ckan_keywords_temperature|0.0721891404596|1.0|0.473684210526316|0.00665680473373|4|2|2064|2064
ckan_keywords_cloud opacity|ckan_keywords_temperature|0.0721891404596|1.0|0.473684210526316|0.00665680473373|4|2|2064|2064
ckan_keywords_dew point temperature|ckan_keywords_temperature|0.0721891404596|1.0|0.473684210526316|0.00665680473373|4|2|2064|2064
ckan_keywords_direction|ckan_keywords_temperature|0.147550637304|1.0|0.973684210526316|0.0149033325115|4|3|2064|2064
ckan_keywords_environment and climate change canada|ckan_keywords_temperature|0.147550637304|1.0|0.973684210526316|0.0149033325115|4|3|2064|2064
ckan_keywords_environment canada|ckan_keywords_temperature|0.147550637304|1.0|0.973684210526316|0.0149033325115|4|3|2064|2064
ckan_keywords_great lakes|ckan_keywords_temperature|0.0754783653235|1.0|0.5|0.00824652777778|4|2|2064|2064
ckan_keywords_gust|ckan_keywords_temperature|0.147550637304|1.0|0.973684210526316|0.0149033325115|4|3|2064|2064
ckan_keywords_hourly|ckan_keywords_temperature|0.00603370772761|1.0|0.0263157894736842|0.01|4|2|2064|2064
ckan_keywords_humidity|ckan_keywords_temperature|0.0721891404596|1.0|0.473684210526316|0.00665680473373|4|2|2064|2064
ckan_keywords_la salle river|ckan_keywords_temperature|0.00603370772761|1.0|0.0263157894736842|0.01|4|2|2064|2064
ckan_keywords_lake ontario|ckan_keywords_temperature|0.0754783653235|1.0|0.5|0.00824652777778|4|2|2064|2064
ckan_keywords_lake temperature|ckan_keywords_temperature|0.0754783653235|1.0|0.5|0.00824652777778|4|2|2064|2064
ckan_keywords_marine|ckan_keywords_temperature|0.0754783653235|1.0|0.5|0.00824652777778|4|2|2064|2064
ckan_keywords_mean sea level pressure|ckan_keywords_temperature|0.0721891404596|1.0|0.473684210526316|0.00665680473373|4|2|2064|2064
ckan_keywords_meteorological service of canada|ckan_keywords_temperature|0.147550637304|1.0|0.973684210526316|0.0149033325115|4|3|2064|2064
ckan_keywords_meteorology|ckan_keywords_temperature|0.147550637304|1.0|0.973684210526316|0.0149033325115|4|3|2064|2064
ckan_keywords_minutely data|ckan_keywords_temperature|0.0721891404596|1.0|0.473684210526316|0.00665680473373|4|2|2064|2064
ckan_keywords_moored buoy|ckan_keywords_temperature|0.0754783653235|1.0|0.5|0.00824652777778|4|2|2064|2064
ckan_keywords_msc|ckan_keywords_temperature|0.147550637304|1.0|0.973684210526316|0.0149033325115|4|3|2064|2064
ckan_keywords_msl|ckan_keywords_temperature|0.0721891404596|1.0|0.473684210526316|0.00665680473373|4|2|2064|2064
ckan_keywords_nav canada|ckan_keywords_temperature|0.0721891404596|1.0|0.473684210526316|0.00665680473373|4|2|2064|2064
ckan_keywords_temperature|ckan_keywords_ontario|0.147632125073|0.973684210526316|0.14176245210728|0.0149033325115|4|4|2064|2064
ckan_keywords_pan am|ckan_keywords_temperature|0.147550637304|1.0|0.973684210526316|0.0149033325115|4|3|2064|2064
ckan_keywords_parapan am|ckan_keywords_temperature|0.147550637304|1.0|0.973684210526316|0.0149033325115|4|3|2064|2064
ckan_keywords_peak wave height|ckan_keywords_temperature|0.0754783653235|1.0|0.5|0.00824652777778|4|2|2064|2064
ckan_keywords_precipitation|ckan_keywords_temperature|0.078216724204|1.0|0.5|0.0166568047337|4|3|2064|2064
ckan_keywords_present weather|ckan_keywords_temperature|0.0721891404596|1.0|0.473684210526316|0.00665680473373|4|2|2064|2064
ckan_keywords_pressure|ckan_keywords_temperature|0.147550637304|1.0|0.973684210526316|0.0149033325115|4|3|2064|2064
ckan_keywords_pressure tendency|ckan_keywords_temperature|0.0721891404596|1.0|0.473684210526316|0.00665680473373|4|2|2064|2064
ckan_keywords_rainfall|ckan_keywords_temperature|0.0721891404596|1.0|0.473684210526316|0.00665680473373|4|2|2064|2064
ckan_keywords_raw data|ckan_keywords_temperature|0.147550637304|1.0|0.973684210526316|0.0149033325115|4|3|2064|2064
ckan_keywords_relative humidity|ckan_keywords_temperature|0.078216724204|1.0|0.5|0.0166568047337|4|3|2064|2064
ckan_keywords_research|ckan_keywords_temperature|0.0754783653235|1.0|0.5|0.00824652777778|4|2|2064|2064
ckan_keywords_science|ckan_keywords_temperature|0.0754783653235|1.0|0.5|0.00824652777778|4|2|2064|2064
ckan_keywords_sea surface temperature|ckan_keywords_temperature|0.0754783653235|1.0|0.5|0.00824652777778|4|2|2064|2064
ckan_keywords_significant wave height|ckan_keywords_temperature|0.0754783653235|1.0|0.5|0.00824652777778|4|2|2064|2064
ckan_keywords_solar radiation|ckan_keywords_temperature|0.00603370772761|1.0|0.0263157894736842|0.01|4|2|2064|2064
ckan_keywords_southern ontario|ckan_keywords_temperature|0.147550637304|1.0|0.973684210526316|0.0149033325115|4|3|2064|2064
ckan_keywords_speed|ckan_keywords_temperature|0.147550637304|1.0|0.973684210526316|0.0149033325115|4|3|2064|2064
ckan_keywords_sst|ckan_keywords_temperature|0.0754783653235|1.0|0.5|0.00824652777778|4|2|2064|2064
ckan_keywords_station pressure|ckan_keywords_temperature|0.147550637304|1.0|0.973684210526316|0.0149033325115|4|3|2064|2064
ckan_keywords_technology|ckan_keywords_temperature|0.147550637304|1.0|0.973684210526316|0.0149033325115|4|3|2064|2064
ckan_keywords_to2015|ckan_keywords_temperature|0.147550637304|1.0|0.973684210526316|0.0149033325115|4|3|2064|2064
ckan_keywords_toronto|ckan_keywords_temperature|0.0721891404596|1.0|0.473684210526316|0.00665680473373|4|2|2064|2064
ckan_keywords_watchkeeper|ckan_keywords_temperature|0.0754783653235|1.0|0.5|0.00824652777778|4|2|2064|2064
ckan_keywords_wave|ckan_keywords_temperature|0.0754783653235|1.0|0.5|0.00824652777778|4|2|2064|2064
ckan_keywords_wave height|ckan_keywords_temperature|0.0754783653235|1.0|0.5|0.00824652777778|4|2|2064|2064
ckan_keywords_wave period|ckan_keywords_temperature|0.0754783653235|1.0|0.5|0.00824652777778|4|2|2064|2064
ckan_keywords_wave spread|ckan_keywords_temperature|0.0754783653235|1.0|0.5|0.00824652777778|4|2|2064|2064
ckan_keywords_weather|ckan_keywords_temperature|0.153571698101|1.0|1.0|0.0249033325115|4|4|2064|2064
ckan_keywords_weather observations|ckan_keywords_temperature|0.147550637304|1.0|0.973684210526316|0.0149033325115|4|3|2064|2064
ckan_keywords_weather stations|ckan_keywords_temperature|0.147550637304|1.0|0.973684210526316|0.0149033325115|4|3|2064|2064
ckan_keywords_wet bulb temperature|ckan_keywords_temperature|0.0721891404596|1.0|0.473684210526316|0.00665680473373|4|2|2064|2064
ckan_keywords_wind|ckan_keywords_temperature|0.147550637304|1.0|0.973684210526316|0.0149033325115|4|3|2064|2064
ckan_keywords_wind direction|ckan_keywords_temperature|0.147550637304|1.0|0.973684210526316|0.0149033325115|4|3|2064|2064
ckan_keywords_wind speed|ckan_keywords_temperature|0.153571698101|1.0|1.0|0.0249033325115|4|4|2064|2064
ckan_keywords_territory|ckan_keywords_province|0.102483345964|1.0|0.104417670682731|0.0551269430645|3|4|2064|2064
ckan_keywords_terrorism|ckan_subject_health_and_safety|0.00603370772761|1.0|0.00862068965517241|0.0004|2|5|2064|2064
ckan_keywords_terrorist|ckan_subject_health_and_safety|0.00603370772761|1.0|0.00862068965517241|0.0004|2|5|2064|2064
ckan_keywords_tobacco|ckan_subject_health_and_safety|0.00603370772761|1.0|0.00862068965517241|0.00390625|2|5|2064|2064
ckan_keywords_air|ckan_keywords_toxic|0.0313521995765|1.0|0.6|0.0152125638149|4|3|2064|2064
ckan_keywords_toxic|ckan_keywords_emissions|0.0489314158778|1.0|0.555555555555556|0.018298983568|4|6|2064|2064
ckan_keywords_pollution|ckan_keywords_toxic|0.0516008805116|1.0|1.0|0.018298983568|4|4|2064|2064
ckan_keywords_air|ckan_keywords_toxic substances|0.0313521995765|1.0|1.0|0.0152125638149|3|3|2064|2064
ckan_keywords_typhoon|ckan_subject_health_and_safety|0.00603370772761|1.0|0.00862068965517241|0.0004|2|5|2064|2064
ckan_keywords_underground injection|ckan_keywords_emissions|0.0202568283567|1.0|0.222222222222222|0.00308641975309|2|6|2064|2064
ckan_keywords_upstream|ckan_keywords_emissions|0.0110980843898|1.0|0.111111111111111|0.0078125|2|6|2064|2064
ckan_keywords_canadian|ckan_keywords_utilization|0.106582844117|1.0|1.0|0.147959183673|2|2|2064|2064
ckan_keywords_capacity|ckan_keywords_utilization|0.106582844117|1.0|1.0|0.147959183673|2|2|2064|2064
ckan_keywords_export|ckan_keywords_utilization|0.106582844117|1.0|1.0|0.147959183673|2|2|2064|2064
ckan_keywords_heavy|ckan_keywords_utilization|0.106582844117|1.0|1.0|0.147959183673|2|2|2064|2064
ckan_keywords_import|ckan_keywords_utilization|0.106582844117|1.0|1.0|0.147959183673|2|2|2064|2064
ckan_keywords_intracanada|ckan_keywords_utilization|0.106582844117|1.0|1.0|0.147959183673|2|2|2064|2064
ckan_keywords_light|ckan_keywords_utilization|0.106582844117|1.0|1.0|0.147959183673|2|2|2064|2064
ckan_keywords_natural gas|ckan_keywords_utilization|0.106582844117|1.0|1.0|0.147959183673|2|2|2064|2064
ckan_keywords_oil|ckan_keywords_utilization|0.106582844117|1.0|1.0|0.147959183673|2|2|2064|2064
ckan_keywords_refined petroleum products|ckan_keywords_utilization|0.106582844117|1.0|1.0|0.147959183673|2|2|2064|2064
ckan_keywords_throughput|ckan_keywords_utilization|0.106582844117|1.0|1.0|0.147959183673|2|2|2064|2064
ckan_keywords_transportation|ckan_keywords_utilization|0.106582844117|1.0|1.0|0.147959183673|2|2|2064|2064
ckan_keywords_vacancy rates|ckan_topiccategory_utilities_communication|0.0286827349426|1.0|0.75|0.375|2|3|2064|2064
ckan_keywords_varieties|ckan_keywords_canada|0.00603370772761|1.0|0.0344827586206897|0.00826446280992|2|4|2064|2064
ckan_keywords_voc|ckan_keywords_national|0.0110980843898|1.0|0.25|0.0102040816327|2|5|2064|2064
ckan_keywords_volatile organic compound|ckan_keywords_emissions|0.0202568283567|1.0|0.222222222222222|0.00308641975309|2|6|2064|2064
ckan_keywords_air pollutant emission inventory|ckan_keywords_volatile organic compounds|0.0221948128528|1.0|0.666666666666667|0.0157442478376|4|3|2064|2064
ckan_keywords_volatile organic compounds|ckan_keywords_air pollutants|0.0313521995765|1.0|0.6|0.0235567478376|4|5|2064|2064
ckan_keywords_warrant expiry date|ckan_keywords_conditional release|0.0286827349426|1.0|0.5|0.0136054421769|2|4|2064|2064
ckan_keywords_waste|ckan_keywords_emissions|0.0202568283567|1.0|0.222222222222222|0.00308641975309|2|6|2064|2064
ckan_keywords_lake winnipeg|ckan_keywords_water|0.0202568283567|1.0|0.285714285714286|0.0236686390533|6|2|2064|2064
ckan_keywords_water|ckan_subject_society_and_culture|0.0625324494862|1.0|0.311111111111111|0.059690506982|6|13|2064|2064
ckan_keywords_nutrients|ckan_keywords_water quality|0.0620665926458|1.0|0.875|0.0603155919521|5|5|2064|2064
ckan_keywords_surface water|ckan_keywords_water quality|0.0529146481107|1.0|0.75|0.0435673681237|5|4|2064|2064
ckan_keywords_water quality|ckan_subject_nature_and_environment|0.05638379013|1.0|0.111111111111111|0.067236007177|5|19|2064|2064
ckan_keywords_water use|ckan_keywords_water|0.0110980843898|1.0|0.142857142857143|0.0138888888889|2|6|2064|2064
ckan_keywords_water consumption|ckan_keywords_water use|0.0110980843898|1.0|1.0|0.0138888888889|2|2|2064|2064
ckan_keywords_water quantity|ckan_keywords_water use|0.0110980843898|1.0|1.0|0.0138888888889|2|2|2064|2064
ckan_keywords_water returned|ckan_keywords_water use|0.0110980843898|1.0|1.0|0.0138888888889|2|2|2064|2064
ckan_keywords_water withdrawal|ckan_keywords_water use|0.0110980843898|1.0|1.0|0.0138888888889|2|2|2064|2064
ckan_keywords_conservation programs|ckan_keywords_waterfowl|0.0157963820015|1.0|1.0|0.0133333333333|2|2|2064|2064
ckan_keywords_conservation projects|ckan_keywords_waterfowl|0.0157963820015|1.0|1.0|0.0133333333333|2|2|2064|2064
ckan_keywords_habitat joint ventures|ckan_keywords_waterfowl|0.0157963820015|1.0|1.0|0.0133333333333|2|2|2064|2064
ckan_keywords_habitat secured|ckan_keywords_waterfowl|0.0157963820015|1.0|1.0|0.0133333333333|2|2|2064|2064
ckan_keywords_north american waterfowl management plan|ckan_keywords_waterfowl|0.0157963820015|1.0|1.0|0.0133333333333|2|2|2064|2064
ckan_keywords_protected habitats|ckan_keywords_waterfowl|0.0157963820015|1.0|1.0|0.0133333333333|2|2|2064|2064
ckan_keywords_waterfowl|ckan_subject_society_and_culture|0.0157963820015|1.0|0.0666666666666667|0.0133333333333|2|13|2064|2064
ckan_keywords_boucherville islands|ckan_keywords_wetlands|0.0202568283567|1.0|0.571428571428571|0.16|3|2|2064|2064
ckan_keywords_wetlands|ckan_subject_nature_and_environment|0.0284379448746|1.0|0.0486111111111111|0.173333333333|3|19|2064|2064
ckan_keywords_wheat|ckan_keywords_canada|0.00603370772761|1.0|0.0344827586206897|0.00826446280992|2|4|2064|2064
ckan_keywords_wild plants|ckan_keywords_nature|0.0110980843898|1.0|0.166666666666667|0.00554016620499|2|5|2064|2064
ckan_keywords_wildfire|ckan_subject_health_and_safety|0.00603370772761|1.0|0.00862068965517241|0.0004|2|5|2064|2064
ckan_keywords_biodiversity|ckan_keywords_wildlife|0.0202568283567|1.0|0.571428571428571|0.0144290550939|4|3|2064|2064
ckan_keywords_wildlife|ckan_subject_nature_and_environment|0.0265419162901|1.0|0.0486111111111111|0.0315824067927|4|19|2064|2064
ckan_keywords_youth|ckan_subject_health_and_safety|0.00603370772761|1.0|0.00862068965517241|0.00390625|2|5|2064|2064
ckan_keywords_îles de boucherville|ckan_keywords_wetlands|0.0202568283567|1.0|0.571428571428571|0.16|2|3|2064|2064
ckan_subject_agriculture|ckan_keywords_cansim|0.0327826918951|0.956521739130435|0.0593792172739541|11.0|4|2|2064|2064
ckan_keywords_canada revenue agency|ckan_subject_economics_and_industry|0.586096225364|1.0|0.25093984962406|1.23318052686|16|4|2064|2064
ckan_keywords_cansim|ckan_subject_economics_and_industry|0.374024680783|0.423545331529093|0.21006711409396|78.25|16|2|2064|2064
ckan_keywords_class|ckan_subject_economics_and_industry|0.0107323443209|1.0|0.0018796992481203|0.00937557392103|16|3|2064|2064
ckan_keywords_cmhc|ckan_subject_economics_and_industry|0.0573532428097|1.0|0.0112781954887218|1.04166666667|16|3|2064|2064
ckan_keywords_harmonized system|ckan_subject_economics_and_industry|0.546976165234|1.0|0.282894736842105|4.703125|16|2|2064|2064
ckan_keywords_housing|ckan_subject_economics_and_industry|0.00842861975593|1.0|0.0018796992481203|0.222222222222|16|2|2064|2064
ckan_keywords_hs10|ckan_subject_economics_and_industry|0.0196096977137|1.0|0.00657894736842105|0.194444444444|16|2|2064|2064
ckan_keywords_natural gas exports|ckan_subject_economics_and_industry|0.0442271978814|1.0|0.0093984962406015|0.4|16|2|2064|2064
ckan_keywords_ontario|ckan_subject_economics_and_industry|0.505510317796|0.857692307692308|0.202543142597639|0.87109375|16|4|2064|2064
ckan_keywords_pa|ckan_subject_economics_and_industry|0.0156766324916|1.0|0.0037593984962406|0.0283632451465|16|3|2064|2064
ckan_keywords_prompt payments|ckan_subject_economics_and_industry|0.00155365692398|1.0|0.00093984962406015|0.00444444444444|16|2|2064|2064
ckan_keywords_summary tables|ckan_subject_economics_and_industry|0.034926414387|0.415841584158416|0.03739982190561|10.5|16|2|2064|2064
ckan_keywords_transportation|ckan_subject_economics_and_industry|0.101399396073|1.0|0.0272556390977444|0.147959183673|16|2|2064|2064
ckan_subject_education_and_training|ckan_subject_economics_and_industry|0.0439261976838|0.163265306122449|0.00723981900452489|0.0151228733459|16|4|2064|2064
ckan_subject_government_and_politics|ckan_subject_economics_and_industry|0.307450675455|0.0731070496083551|0.0197322057787174|0.28|16|10|2064|2064
ckan_subject_economics_and_industry|ckan_subject_health_and_safety|0.0613290517912|0.0|0.0|0.0|16|5|2064|2064
ckan_subject_labour|ckan_subject_economics_and_industry|0.154626663319|0.272|0.0294372294372294|0.944444444444|16|5|2064|2064
ckan_subject_economics_and_industry|ckan_subject_persons|0.0390412261539|0.0|0.0|0.0|16|5|2064|2064
ckan_subject_economics_and_industry|ckan_subject_transport|0.0184722104721|0.0|0.0|0.0|16|2|2064|2064
ckan_topiccategory_utilities_communication|ckan_subject_economics_and_industry|0.0296924107128|0.75|0.00562851782363977|0.375|16|3|2064|2064
ckan_keywords_beneficiaries|ckan_subject_education_and_training|0.00603370772761|1.0|0.0204081632653061|0.00826446280992|4|2|2064|2064
ckan_keywords_canada education savings grant - cesg|ckan_subject_education_and_training|0.00603370772761|1.0|0.0204081632653061|0.00826446280992|4|2|2064|2064
ckan_keywords_canada education savings program - cesp|ckan_subject_education_and_training|0.00603370772761|1.0|0.0204081632653061|0.00826446280992|4|2|2064|2064
ckan_keywords_canada learning bond - clb|ckan_subject_education_and_training|0.00603370772761|1.0|0.0204081632653061|0.00826446280992|4|2|2064|2064
ckan_keywords_canada student loan|ckan_subject_education_and_training|0.00276508502418|1.0|0.0204081632653061|0.25|4|2|2064|2064
ckan_keywords_educational assistance payment - eap|ckan_subject_education_and_training|0.00603370772761|1.0|0.0204081632653061|0.00826446280992|4|2|2064|2064
ckan_keywords_registered education savings plan - resp|ckan_subject_education_and_training|0.00603370772761|1.0|0.0204081632653061|0.00826446280992|4|2|2064|2064
ckan_keywords_resp withdrawals|ckan_subject_education_and_training|0.00603370772761|1.0|0.0204081632653061|0.00826446280992|4|2|2064|2064
ckan_keywords_boundaries|ckan_subject_government_and_politics|0.0331345451076|1.0|0.02088772845953|0.0408163265306|10|2|2064|2064
ckan_keywords_casual employee|ckan_subject_government_and_politics|0.0202568283567|1.0|0.010443864229765|0.00216333153056|10|2|2064|2064
ckan_keywords_core public administration|ckan_subject_government_and_politics|0.0202568283567|1.0|0.010443864229765|0.00216333153056|10|2|2064|2064
ckan_keywords_eaa|ckan_subject_government_and_politics|0.0202568283567|1.0|0.010443864229765|0.00216333153056|10|2|2064|2064
ckan_keywords_employment equity|ckan_subject_government_and_politics|0.0202568283567|1.0|0.010443864229765|0.00216333153056|10|2|2064|2064
ckan_keywords_faa|ckan_subject_government_and_politics|0.0202568283567|1.0|0.010443864229765|0.00216333153056|10|2|2064|2064
ckan_keywords_government finances|ckan_subject_government_and_politics|0.103599146689|1.0|0.0731070496083551|0.28|10|2|2064|2064
ckan_keywords_indeterminate employee|ckan_subject_government_and_politics|0.0202568283567|1.0|0.010443864229765|0.00216333153056|10|2|2064|2064
ckan_keywords_occupational group|ckan_subject_government_and_politics|0.0202568283567|1.0|0.010443864229765|0.00216333153056|10|2|2064|2064
ckan_keywords_seasonal employee|ckan_subject_government_and_politics|0.0202568283567|1.0|0.010443864229765|0.00216333153056|10|2|2064|2064
ckan_keywords_term employee|ckan_subject_government_and_politics|0.0202568283567|1.0|0.010443864229765|0.00216333153056|10|2|2064|2064
ckan_keywords_biological|ckan_subject_health_and_safety|0.00603370772761|1.0|0.00862068965517241|0.0004|5|2|2064|2064
ckan_keywords_bomb|ckan_subject_health_and_safety|0.00603370772761|1.0|0.00862068965517241|0.0004|5|2|2064|2064
ckan_keywords_campaign|ckan_subject_health_and_safety|0.00603370772761|1.0|0.00862068965517241|0.00390625|5|2|2064|2064
ckan_keywords_disturbance|ckan_subject_health_and_safety|0.00603370772761|1.0|0.00862068965517241|0.0004|5|2|2064|2064
ckan_keywords_drought|ckan_subject_health_and_safety|0.00603370772761|1.0|0.00862068965517241|0.0004|5|2|2064|2064
ckan_keywords_emergency|ckan_subject_health_and_safety|0.00603370772761|1.0|0.00862068965517241|0.0004|5|2|2064|2064
ckan_keywords_energy|ckan_subject_health_and_safety|0.00603370772761|1.0|0.00862068965517241|0.0004|5|2|2064|2064
ckan_keywords_explosive|ckan_subject_health_and_safety|0.00603370772761|1.0|0.00862068965517241|0.0004|5|2|2064|2064
ckan_keywords_first nations|ckan_subject_health_and_safety|0.00603370772761|1.0|0.00862068965517241|0.00390625|5|2|2064|2064
ckan_keywords_geomagnetic storm|ckan_subject_health_and_safety|0.00603370772761|1.0|0.00862068965517241|0.0004|5|2|2064|2064
ckan_keywords_health and safety|ckan_subject_health_and_safety|0.00603370772761|1.0|0.00862068965517241|0.00390625|5|2|2064|2064
ckan_keywords_hijacking|ckan_subject_health_and_safety|0.00603370772761|1.0|0.00862068965517241|0.0004|5|2|2064|2064
ckan_keywords_hiv|ckan_subject_health_and_safety|0.00603370772761|1.0|0.00862068965517241|0.00390625|5|2|2064|2064
ckan_keywords_leak|ckan_subject_health_and_safety|0.00603370772761|1.0|0.00862068965517241|0.0004|5|2|2064|2064
ckan_keywords_man-made|ckan_subject_health_and_safety|0.00603370772761|1.0|0.00862068965517241|0.0004|5|2|2064|2064
ckan_keywords_meteorological|ckan_subject_health_and_safety|0.00603370772761|1.0|0.00862068965517241|0.0004|5|2|2064|2064
ckan_keywords_natural|ckan_subject_health_and_safety|0.00603370772761|1.0|0.00862068965517241|0.0004|5|2|2064|2064
ckan_keywords_nutrition facts table|ckan_subject_health_and_safety|0.00603370772761|1.0|0.00862068965517241|0.00390625|5|2|2064|2064
ckan_keywords_obesity|ckan_subject_health_and_safety|0.00603370772761|1.0|0.00862068965517241|0.00390625|5|2|2064|2064
ckan_keywords_power failure|ckan_subject_health_and_safety|0.00603370772761|1.0|0.00862068965517241|0.0004|5|2|2064|2064
ckan_keywords_radiation protection bureau|ckan_subject_health_and_safety|0.00603370772761|1.0|0.00862068965517241|0.00591715976331|5|2|2064|2064
ckan_keywords_radon|ckan_subject_health_and_safety|0.00603370772761|1.0|0.00862068965517241|0.00390625|5|2|2064|2064
ckan_keywords_solar flare|ckan_subject_health_and_safety|0.00603370772761|1.0|0.00862068965517241|0.0004|5|2|2064|2064
ckan_keywords_tornado|ckan_subject_health_and_safety|0.00603370772761|1.0|0.00862068965517241|0.0004|5|2|2064|2064
ckan_keywords_tritium|ckan_subject_health_and_safety|0.00603370772761|1.0|0.00862068965517241|0.00591715976331|5|2|2064|2064
ckan_keywords_tsunami|ckan_subject_health_and_safety|0.00603370772761|1.0|0.00862068965517241|0.0004|5|2|2064|2064
ckan_keywords_volanco|ckan_subject_health_and_safety|0.00603370772761|1.0|0.00862068965517241|0.0004|5|2|2064|2064
ckan_topiccategory_health|ckan_subject_health_and_safety|0.0120670766379|1.0|0.0172413793103448|0.00982340976331|5|3|2064|2064
ckan_keywords_skills initiative advertising|ckan_subject_information_and_communications|0.00603370772761|1.0|0.0476190476190476|0.0277777777778|4|2|2064|2064
ckan_subject_information_and_communications|ckan_subject_government_and_politics|0.0138251135455|0.0952380952380952|0.00497512437810945|0.08|4|10|2064|2064
ckan_keywords_average wage|ckan_subject_labour|0.00603370772761|1.0|0.008|0.00694444444444|5|2|2064|2064
ckan_keywords_earnings|ckan_subject_labour|0.00603370772761|1.0|0.008|0.00694444444444|5|2|2064|2064
ckan_keywords_job|ckan_subject_labour|0.00603370772761|1.0|0.008|0.00694444444444|5|2|2064|2064
ckan_keywords_labour market|ckan_subject_labour|0.00603370772761|1.0|0.008|0.00694444444444|5|2|2064|2064
ckan_keywords_labour market information|ckan_subject_labour|0.00603370772761|1.0|0.008|0.00694444444444|5|2|2064|2064
ckan_keywords_maximum wage|ckan_subject_labour|0.00603370772761|1.0|0.008|0.00694444444444|5|2|2064|2064
ckan_keywords_posting|ckan_subject_labour|0.00603370772761|1.0|0.008|0.00694444444444|5|2|2064|2064
ckan_keywords_salary|ckan_subject_labour|0.00603370772761|1.0|0.008|0.00694444444444|5|2|2064|2064
ckan_keywords_wages|ckan_subject_labour|0.00603370772761|1.0|0.008|0.00694444444444|5|2|2064|2064
ckan_subject_law|ckan_keywords_cansim|0.0123414908971|0.5|0.0159786950732357|3.0|5|2|2064|2064
ckan_keywords_conditional release decision|ckan_subject_law|0.0286827349426|1.0|0.25|0.0136054421769|5|2|2064|2064
ckan_keywords_conditional release decisions|ckan_subject_law|0.0313521995765|1.0|0.25|0.142777777778|5|3|2064|2064
ckan_keywords_hearing|ckan_subject_law|0.0286827349426|1.0|0.25|0.0136054421769|5|2|2064|2064
ckan_keywords_statutory release|ckan_subject_law|0.0286827349426|1.0|0.25|0.0136054421769|5|2|2064|2064
ckan_keywords_assess status of species|ckan_subject_science_and_technology|0.00603370772761|1.0|0.02|0.00346020761246|9|2|2064|2064
ckan_keywords_morrison creek lamprey|ckan_subject_science_and_technology|0.00603370772761|1.0|0.02|0.00591715976331|9|2|2064|2064
ckan_keywords_nature and biodiversity|ckan_subject_science_and_technology|0.00603370772761|1.0|0.02|0.00346020761246|9|2|2064|2064
ckan_keywords_offshore waters|ckan_subject_science_and_technology|0.00603370772761|1.0|0.02|0.00346020761246|9|2|2064|2064
ckan_keywords_sara|ckan_subject_science_and_technology|0.00603370772761|1.0|0.02|0.00591715976331|9|2|2064|2064
ckan_keywords_species at risk act|ckan_subject_science_and_technology|0.00603370772761|1.0|0.02|0.00591715976331|9|2|2064|2064
ckan_subject_science_and_technology|ckan_subject_nature_and_environment|0.0361333718383|0.18|0.0486486486486487|0.156530719075|9|19|2064|2064
ckan_keywords_benefits|ckan_subject_society_and_culture|0.0157963820015|1.0|0.0666666666666667|0.1875|13|2|2064|2064
ckan_keywords_canada pension plan|ckan_subject_society_and_culture|0.0268924320076|1.0|0.111111111111111|0.409722222222|13|3|2064|2064
ckan_keywords_environmental indicators|ckan_subject_society_and_culture|0.123000259837|0.666666666666667|0.474576271186441|0.132776798801|13|12|2064|2064
ckan_topiccategory_biota|ckan_subject_nature_and_environment|0.0365767860879|1.0|0.0694444444444444|0.0901993581278|6|19|2064|2064
ckan_keywords_canada warbler|ckan_topiccategory_environment|0.00603370772761|1.0|0.0158730158730159|0.01|13|2|2064|2064
ckan_keywords_harlequin duck; range map; downloadable data|ckan_topiccategory_environment|0.00603370772761|1.0|0.0158730158730159|0.015625|13|2|2064|2064
ckan_topiccategory_environment|ckan_keywords_ontario|0.149683304891|0.587301587301587|0.129370629370629|0.0149033325115|13|4|2064|2064
ckan_keywords_range map|ckan_topiccategory_environment|0.00603370772761|1.0|0.0158730158730159|0.01|13|2|2064|2064
ckan_topiccategory_environment|ckan_subject_nature_and_environment|0.245004126974|1.0|0.4375|0.160797023228|13|19|2064|2064
ckan_topiccategory_society|ckan_topiccategory_environment|0.0909530372335|1.0|0.301587301587302|0.081847672928|13|7|2064|2064
ckan_topiccategory_inland_waters|ckan_keywords_british columbia|0.00603370772761|1.0|0.00434782608695652|0.00591715976331|2|6|2064|2064
