label1,label2,mi,dotprod,card1,card2,size1,size2
ckan_keywords_2015 games,ckan_keywords_2015,0.147550637304,0.0149033325115,3,3,2064,2064
ckan_keywords_2015 games,ckan_keywords_air temperature,0.147550637304,0.0149033325115,3,3,2064,2064
ckan_keywords_2015 games,ckan_keywords_altimeter,0.0721891404596,0.00665680473373,3,2,2064,2064
ckan_keywords_2015 games,ckan_keywords_ambient temperature,0.147550637304,0.0149033325115,3,3,2064,2064
ckan_keywords_2015 games,ckan_keywords_atmospheric monitoring,0.147550637304,0.0149033325115,3,3,2064,2064
ckan_keywords_2015 games,ckan_keywords_automated stations,0.0721891404596,0.00665680473373,3,2,2064,2064
ckan_keywords_2015 games,ckan_keywords_aviation,0.0721891404596,0.00665680473373,3,2,2064,2064
ckan_keywords_2015 games,ckan_keywords_awos,0.0721891404596,0.00665680473373,3,2,2064,2064
ckan_keywords_2015 games,ckan_keywords_buoy,0.0754783653235,0.00824652777778,3,2,2064,2064
ckan_keywords_2015 games,ckan_keywords_cloud amount,0.0721891404596,0.00665680473373,3,2,2064,2064
ckan_keywords_2015 games,ckan_keywords_cloud base,0.0721891404596,0.00665680473373,3,2,2064,2064
ckan_keywords_2015 games,ckan_keywords_cloud height,0.0721891404596,0.00665680473373,3,2,2064,2064
ckan_keywords_2015 games,ckan_keywords_cloud opacity,0.0721891404596,0.00665680473373,3,2,2064,2064
ckan_keywords_2015 games,ckan_keywords_dew point temperature,0.0721891404596,0.00665680473373,3,2,2064,2064
ckan_keywords_2015 games,ckan_keywords_direction,0.147550637304,0.0149033325115,3,3,2064,2064
ckan_keywords_2015 games,ckan_keywords_environment and climate change canada,0.147550637304,0.0149033325115,3,3,2064,2064
ckan_keywords_2015 games,ckan_keywords_environment canada,0.147550637304,0.0149033325115,3,3,2064,2064
ckan_keywords_2015 games,ckan_keywords_great lakes,0.0754783653235,0.00824652777778,3,2,2064,2064
ckan_keywords_2015 games,ckan_keywords_gust,0.147550637304,0.0149033325115,3,3,2064,2064
ckan_keywords_2015 games,ckan_keywords_humidity,0.0721891404596,0.00665680473373,3,2,2064,2064
ckan_keywords_2015 games,ckan_keywords_lake ontario,0.0754783653235,0.00824652777778,3,2,2064,2064
ckan_keywords_2015 games,ckan_keywords_lake temperature,0.0754783653235,0.00824652777778,3,2,2064,2064
ckan_keywords_2015 games,ckan_keywords_marine,0.0754783653235,0.00824652777778,3,2,2064,2064
ckan_keywords_2015 games,ckan_keywords_mean sea level pressure,0.0721891404596,0.00665680473373,3,2,2064,2064
ckan_keywords_2015 games,ckan_keywords_meteorological service of canada,0.147550637304,0.0149033325115,3,3,2064,2064
ckan_keywords_2015 games,ckan_keywords_meteorology,0.147550637304,0.0149033325115,3,3,2064,2064
ckan_keywords_2015 games,ckan_keywords_minutely data,0.0721891404596,0.00665680473373,3,2,2064,2064
ckan_keywords_2015 games,ckan_keywords_moored buoy,0.0754783653235,0.00824652777778,3,2,2064,2064
ckan_keywords_2015 games,ckan_keywords_msc,0.147550637304,0.0149033325115,3,3,2064,2064
ckan_keywords_2015 games,ckan_keywords_msl,0.0721891404596,0.00665680473373,3,2,2064,2064
ckan_keywords_2015 games,ckan_keywords_nav canada,0.0721891404596,0.00665680473373,3,2,2064,2064
ckan_keywords_2015 games,ckan_keywords_pan am,0.147550637304,0.0149033325115,3,3,2064,2064
ckan_keywords_2015 games,ckan_keywords_parapan am,0.147550637304,0.0149033325115,3,3,2064,2064
ckan_keywords_2015 games,ckan_keywords_peak wave height,0.0754783653235,0.00824652777778,3,2,2064,2064
ckan_keywords_2015 games,ckan_keywords_present weather,0.0721891404596,0.00665680473373,3,2,2064,2064
ckan_keywords_2015 games,ckan_keywords_pressure,0.147550637304,0.0149033325115,3,3,2064,2064
ckan_keywords_2015 games,ckan_keywords_pressure tendency,0.0721891404596,0.00665680473373,3,2,2064,2064
ckan_keywords_2015 games,ckan_keywords_rainfall,0.0721891404596,0.00665680473373,3,2,2064,2064
ckan_keywords_2015 games,ckan_keywords_raw data,0.147550637304,0.0149033325115,3,3,2064,2064
ckan_keywords_2015 games,ckan_keywords_research,0.0754783653235,0.00824652777778,3,2,2064,2064
ckan_keywords_2015 games,ckan_keywords_science,0.0754783653235,0.00824652777778,3,2,2064,2064
ckan_keywords_2015 games,ckan_keywords_sea surface temperature,0.0754783653235,0.00824652777778,3,2,2064,2064
ckan_keywords_2015 games,ckan_keywords_significant wave height,0.0754783653235,0.00824652777778,3,2,2064,2064
ckan_keywords_2015 games,ckan_keywords_southern ontario,0.147550637304,0.0149033325115,3,3,2064,2064
ckan_keywords_2015 games,ckan_keywords_speed,0.147550637304,0.0149033325115,3,3,2064,2064
ckan_keywords_2015 games,ckan_keywords_sst,0.0754783653235,0.00824652777778,3,2,2064,2064
ckan_keywords_2015 games,ckan_keywords_station pressure,0.147550637304,0.0149033325115,3,3,2064,2064
ckan_keywords_2015 games,ckan_keywords_technology,0.147550637304,0.0149033325115,3,3,2064,2064
ckan_keywords_2015 games,ckan_keywords_to2015,0.147550637304,0.0149033325115,3,3,2064,2064
ckan_keywords_2015 games,ckan_keywords_toronto,0.0721891404596,0.00665680473373,3,2,2064,2064
ckan_keywords_2015 games,ckan_keywords_watchkeeper,0.0754783653235,0.00824652777778,3,2,2064,2064
ckan_keywords_2015 games,ckan_keywords_wave,0.0754783653235,0.00824652777778,3,2,2064,2064
ckan_keywords_2015 games,ckan_keywords_wave height,0.0754783653235,0.00824652777778,3,2,2064,2064
ckan_keywords_2015 games,ckan_keywords_wave period,0.0754783653235,0.00824652777778,3,2,2064,2064
ckan_keywords_2015 games,ckan_keywords_wave spread,0.0754783653235,0.00824652777778,3,2,2064,2064
ckan_keywords_2015 games,ckan_keywords_weather,0.147550637304,0.0149033325115,3,4,2064,2064
ckan_keywords_2015 games,ckan_keywords_weather observations,0.147550637304,0.0149033325115,3,3,2064,2064
ckan_keywords_2015 games,ckan_keywords_weather stations,0.147550637304,0.0149033325115,3,3,2064,2064
ckan_keywords_2015 games,ckan_keywords_wet bulb temperature,0.0721891404596,0.00665680473373,3,2,2064,2064
ckan_keywords_2015 games,ckan_keywords_wind,0.147550637304,0.0149033325115,3,3,2064,2064
ckan_keywords_2015 games,ckan_keywords_wind direction,0.147550637304,0.0149033325115,3,3,2064,2064
ckan_keywords_aboriginal rights,ckan_keywords_aboriginal lands,0.0366322587456,0.0408163265306,2,2,2064,2064
ckan_keywords_aboriginal rights,ckan_keywords_aboriginal peoples,0.0366322587456,0.0408163265306,2,2,2064,2064
ckan_keywords_aboriginal rights,ckan_keywords_agreements,0.0366322587456,0.0408163265306,2,2,2064,2064
ckan_keywords_aboriginal rights,ckan_keywords_boundaries,0.0366322587456,0.0408163265306,2,2,2064,2064
ckan_keywords_aboriginal rights,ckan_keywords_comprehensive land claim,0.0366322587456,0.0408163265306,2,2,2064,2064
ckan_keywords_aboriginal rights,ckan_keywords_indians,0.0366322587456,0.0408163265306,2,2,2064,2064
ckan_keywords_aboriginal rights,ckan_keywords_indigenous,0.0366322587456,0.0408163265306,2,2,2064,2064
ckan_keywords_aboriginal rights,ckan_keywords_self-government,0.0366322587456,0.0408163265306,2,2,2064,2064
ckan_keywords_aboriginal rights,ckan_keywords_settlement lands,0.0366322587456,0.0408163265306,2,2,2064,2064
ckan_keywords_aboriginal rights,ckan_subject_form_descriptors,0.0366322587456,0.0408163265306,2,2,2064,2064
ckan_keywords_aboriginal rights,ckan_topiccategory_boundaries,0.0366322587456,0.0408163265306,2,2,2064,2064
ckan_keywords_aboriginal rights,ckan_topiccategory_location,0.0366322587456,0.0408163265306,2,2,2064,2064
ckan_keywords_acet,ckan_subject_information_and_communications,0.00603370772761,0.0277777777778,2,4,2064,2064
ckan_keywords_acres,ckan_keywords_canada,0.00603370772761,0.00826446280992,2,4,2064,2064
ckan_keywords_administrator,ckan_keywords_pa,0.0221948128528,0.0283632451465,3,3,2064,2064
ckan_keywords_administrator,ckan_keywords_pension adjustment,0.0221948128528,0.0283632451465,3,3,2064,2064
ckan_keywords_administrator,ckan_keywords_pension plan,0.0221948128528,0.0283632451465,3,3,2064,2064
ckan_keywords_administrator,ckan_keywords_retirement,0.0221948128528,0.0283632451465,3,3,2064,2064
ckan_keywords_administrator,ckan_subject_economics_and_industry,0.0156766324916,0.0283632451465,3,16,2064,2064
ckan_keywords_advertising campaign evaluation,ckan_subject_information_and_communications,0.00603370772761,0.0277777777778,2,4,2064,2064
ckan_keywords_aids,ckan_subject_health_and_safety,0.00603370772761,0.00390625,2,5,2064,2064
ckan_keywords_air pollutant emission inventory,ckan_keywords_volatile organic compounds,0.0221948128528,0.0157442478376,3,4,2064,2064
ckan_keywords_air pollutants,ckan_keywords_air and climate,0.0535388650078,0.0537608294703,5,6,2064,2064
ckan_keywords_air pollutants,ckan_keywords_air quality,0.0110980843898,0.02,5,2,2064,2064
ckan_keywords_air pollutants,ckan_keywords_concentrations,0.0110980843898,0.02,5,2,2064,2064
ckan_keywords_air pollutants,ckan_keywords_oil and gas,0.0110980843898,0.0078125,5,2,2064,2064
ckan_keywords_air pollutants,ckan_keywords_regional,0.0110980843898,0.02,5,2,2064,2064
ckan_keywords_air pollutants,ckan_keywords_sulphur dioxide,0.0110980843898,0.02,5,2,2064,2064
ckan_keywords_air pollutants,ckan_keywords_upstream,0.0110980843898,0.0078125,5,2,2064,2064
ckan_keywords_air pollutants,ckan_keywords_volatile organic compounds,0.0313521995765,0.0235567478376,5,4,2064,2064
ckan_keywords_air pollution,ckan_keywords_emissions,0.0600227074436,0.0368472492234,5,6,2064,2064
ckan_keywords_air pollution,ckan_keywords_nitrogen oxides,0.042446212234,0.0164390859581,5,4,2064,2064
ckan_keywords_alberta,ckan_keywords_newfoundland,0.493983578835,0.87109375,2,2,2064,2064
ckan_keywords_alberta,ckan_keywords_nova scotia,0.493983578835,0.87109375,2,2,2064,2064
ckan_keywords_alberta,ckan_keywords_ontario,0.493983578835,0.87109375,2,4,2064,2064
ckan_keywords_alberta,ckan_keywords_quebec,0.493983578835,0.87109375,2,2,2064,2064
ckan_keywords_alberta,ckan_keywords_saskatchewan,0.493983578835,0.87109375,2,2,2064,2064
ckan_keywords_alberta,ckan_keywords_yukon,0.493983578835,0.87109375,2,2,2064,2064
ckan_keywords_ambient levels,ckan_keywords_air pollutants,0.0110980843898,0.02,2,5,2064,2064
ckan_keywords_annual index,ckan_keywords_canada,0.0202568283567,0.0236686390533,2,4,2064,2064
ckan_keywords_appeal,ckan_keywords_unescorted temporary absence,0.0202568283567,0.0177777777778,2,3,2064,2064
ckan_keywords_appeal decisions,ckan_keywords_unescorted temporary absence,0.0202568283567,0.0177777777778,2,3,2064,2064
ckan_keywords_assess status of species,ckan_topiccategory_biota,0.00603370772761,0.00346020761246,2,6,2064,2064
ckan_keywords_at risk,ckan_keywords_nature,0.0110980843898,0.00554016620499,2,5,2064,2064
ckan_keywords_atlantic - newfoundland and labrador (nl),ckan_keywords_atlantic - prince edward island (pe),0.00603370772761,0.00390625,2,2,2064,2064
ckan_keywords_atlantic - prince edward island (pe),ckan_keywords_atlantic - new brunswick (nb),0.00603370772761,0.00390625,2,2,2064,2064
ckan_keywords_atlantic - prince edward island (pe),ckan_keywords_atlantic - nova scotia (ns),0.00603370772761,0.00390625,2,2,2064,2064
ckan_keywords_atlantic - prince edward island (pe),ckan_keywords_other,0.00603370772761,0.00390625,2,2,2064,2064
ckan_keywords_atlantic - prince edward island (pe),ckan_keywords_oversee and manage site conditions,0.00603370772761,0.00390625,2,2,2064,2064
ckan_keywords_atmospheric forcing index,ckan_keywords_afi,0.0110980843898,0.08,2,2,2064,2064
ckan_keywords_atmospheric forcing index,ckan_keywords_pacific,0.0110980843898,0.08,2,4,2064,2064
ckan_keywords_avalanche,ckan_subject_health_and_safety,0.00603370772761,0.0004,2,5,2064,2064
ckan_keywords_average density,ckan_topiccategory_biota,0.00603370772761,0.00346020761246,2,6,2064,2064
ckan_keywords_bank of canada,ckan_keywords_cash,0.00603370772761,0.0123456790123,2,2,2064,2064
ckan_keywords_bank of canada,ckan_keywords_consolidated revenue fund,0.00603370772761,0.0123456790123,2,2,2064,2064
ckan_keywords_bank of canada,ckan_keywords_deposits,0.00603370772761,0.0123456790123,2,2,2064,2064
ckan_keywords_bank of canada,ckan_keywords_inflows,0.00603370772761,0.0123456790123,2,2,2064,2064
ckan_keywords_bank of canada,ckan_keywords_payments,0.00603370772761,0.0123456790123,2,2,2064,2064
ckan_keywords_bank of canada,ckan_keywords_receiver general,0.00469897541067,0.0123456790123,2,4,2064,2064
ckan_keywords_bank of canada,ckan_keywords_transfers,0.00603370772761,0.0123456790123,2,2,2064,2064
ckan_keywords_bc,ckan_keywords_british columbia,0.0157963820015,0.046875,2,6,2064,2064
ckan_keywords_biological,ckan_subject_health_and_safety,0.00603370772761,0.0004,2,5,2064,2064
ckan_keywords_biological diversity,ckan_keywords_nature,0.0110980843898,0.00554016620499,2,5,2064,2064
ckan_keywords_bird populations,ckan_keywords_trends,0.00603370772761,0.00826446280992,2,5,2064,2064
ckan_keywords_birds,ckan_keywords_protect species well-being,0.0241327973489,0.0414308866248,5,5,2064,2064
ckan_keywords_british columbia,ckan_keywords_aquaculture,0.0157963820015,0.046875,6,2,2064,2064
ckan_keywords_british columbia,ckan_keywords_critical,0.00603370772761,0.00826446280992,6,2,2064,2064
ckan_keywords_british columbia,ckan_keywords_fish farming,0.0157963820015,0.046875,6,2,2064,2064
ckan_keywords_british columbia,ckan_keywords_fisheries and oceans canada,0.0157963820015,0.046875,6,2,2064,2064
ckan_keywords_british columbia,ckan_keywords_lampetra richardsoni; variety marifuga,0.00603370772761,0.00591715976331,6,2,2064,2064
ckan_keywords_british columbia,ckan_keywords_morrison creek lamprey,0.00603370772761,0.00591715976331,6,2,2064,2064
ckan_keywords_british columbia,ckan_keywords_pacfic,0.00603370772761,0.00591715976331,6,2,2064,2064
ckan_keywords_british columbia,ckan_keywords_pacific region,0.0157963820015,0.046875,6,2,2064,2064
ckan_keywords_british columbia,ckan_keywords_salmon farming,0.0157963820015,0.046875,6,2,2064,2064
ckan_keywords_british columbia,ckan_keywords_species at risk act,0.00603370772761,0.00591715976331,6,2,2064,2064
ckan_keywords_british columbia,ckan_topiccategory_inland_waters,0.00603370772761,0.00591715976331,6,2,2064,2064
ckan_keywords_british columbia (bc),ckan_topiccategory_biota,0.0120670766379,0.0117246704224,3,6,2064,2064
ckan_keywords_budgets,ckan_keywords_fiscal policy,0.103599146689,0.28,2,2,2064,2064
ckan_keywords_budgets,ckan_subject_government_and_politics,0.103599146689,0.28,2,10,2064,2064
ckan_keywords_business,ckan_keywords_emissions,0.0202568283567,0.00308641975309,2,6,2064,2064
ckan_keywords_canada,ckan_keywords_2011,0.0202568283567,0.0236686390533,4,2,2064,2064
ckan_keywords_canada,ckan_keywords_bird,0.0202568283567,0.0236686390533,4,2,2064,2064
ckan_keywords_canada,ckan_keywords_calendar year,0.0914016201474,0.0495867768595,4,2,2064,2064
ckan_keywords_canada,ckan_keywords_cgc,0.00603370772761,0.00826446280992,4,2,2064,2064
ckan_keywords_canada,ckan_keywords_gst-hst,0.0914016201474,0.0495867768595,4,2,2064,2064
ckan_keywords_canada,ckan_keywords_gst-hst credits,0.0914016201474,0.0495867768595,4,2,2064,2064
ckan_keywords_canada,ckan_keywords_gst-hst filers,0.0914016201474,0.0495867768595,4,2,2064,2064
ckan_keywords_canada,ckan_keywords_gst-hst returns,0.0914016201474,0.0495867768595,4,2,2064,2064
ckan_keywords_canada,ckan_keywords_harmonised sales tax,0.0914016201474,0.0495867768595,4,2,2064,2064
ckan_keywords_canada,ckan_keywords_input tax credits,0.0914016201474,0.0495867768595,4,2,2064,2064
ckan_keywords_canada,ckan_keywords_naics,0.0914016201474,0.0495867768595,4,2,2064,2064
ckan_keywords_canada,ckan_keywords_net tax,0.0914016201474,0.0495867768595,4,2,2064,2064
ckan_keywords_canada,ckan_keywords_prairie provinces,0.00603370772761,0.00826446280992,4,2,2064,2064
ckan_keywords_canada education savings grant - cesg,ckan_subject_government_and_politics,0.00603370772761,0.00826446280992,2,10,2064,2064
ckan_keywords_canada education savings program - cesp,ckan_subject_government_and_politics,0.00603370772761,0.00826446280992,2,10,2064,2064
ckan_keywords_canada revenue agency,ckan_keywords_british columbia,0.486107937117,0.87109375,4,6,2064,2064
ckan_keywords_canada revenue agency,ckan_keywords_canada,0.0918454627852,0.0495867768595,4,4,2064,2064
ckan_keywords_canada revenue agency,ckan_keywords_general public,0.169967755062,0.36208677686,4,3,2064,2064
ckan_keywords_canada revenue agency,ckan_keywords_manitoba,0.493983578835,0.87109375,4,2,2064,2064
ckan_keywords_canada revenue agency,ckan_keywords_new brunswick,0.493983578835,0.87109375,4,2,2064,2064
ckan_keywords_canada revenue agency,ckan_keywords_northwest territory,0.493983578835,0.87109375,4,2,2064,2064
ckan_keywords_canada revenue agency,ckan_keywords_nunavut,0.493983578835,0.87109375,4,2,2064,2064
ckan_keywords_canada revenue agency,ckan_keywords_prince edward island,0.493983578835,0.87109375,4,2,2064,2064
ckan_keywords_canada revenue agency,ckan_keywords_statistics,0.169967755062,0.36208677686,4,3,2064,2064
ckan_keywords_canada revenue agency,ckan_keywords_taxpayers,0.169967755062,0.36208677686,4,3,2064,2064
ckan_keywords_canada revenue agency,ckan_subject_economics_and_industry,0.586096225364,1.23318052686,4,16,2064,2064
ckan_keywords_canada student loan,ckan_subject_education_and_training,0.00276508502418,0.25,2,4,2064,2064
ckan_keywords_canadian environmental protection act,ckan_keywords_air,0.0313521995765,0.0152125638149,3,3,2064,2064
ckan_keywords_canadian environmental protection act,ckan_keywords_cd,0.0202568283567,0.00967239760994,3,3,2064,2064
ckan_keywords_canadian environmental protection act,ckan_keywords_harmful substances,0.0313521995765,0.0152125638149,3,3,2064,2064
ckan_keywords_canadian environmental protection act,ckan_keywords_methylmercury,0.0202568283567,0.01108033241,3,2,2064,2064
ckan_keywords_canadian environmental protection act,ckan_keywords_pollution,0.0313521995765,0.0152125638149,3,4,2064,2064
ckan_keywords_canadian environmental protection act,ckan_keywords_releases,0.0313521995765,0.0152125638149,3,3,2064,2064
ckan_keywords_canadian environmental protection act,ckan_keywords_toxic substances,0.0313521995765,0.0152125638149,3,3,2064,2064
ckan_keywords_canadian radiological monitoring network,ckan_subject_health_and_safety,0.00603370772761,0.00591715976331,2,5,2064,2064
ckan_keywords_cansim,ckan_subject_agriculture,0.0327826918951,11.0,2,4,2064,2064
ckan_keywords_cansim,ckan_subject_economics_and_industry,0.374024680783,78.25,2,16,2064,2064
ckan_keywords_cansim,ckan_subject_law,0.0123414908971,3.0,2,5,2064,2064
ckan_keywords_capital stock,ckan_keywords_government business enterprises,0.0110980843898,0.0102040816327,2,2,2064,2064
ckan_keywords_cd,ckan_keywords_cadmium,0.0221948128528,0.00967239760994,3,3,2064,2064
ckan_keywords_cepa,ckan_keywords_canadian environmental protection act,0.0313521995765,0.0152125638149,3,3,2064,2064
ckan_keywords_charadriiformes,ckan_topiccategory_biota,0.00603370772761,0.00346020761246,2,6,2064,2064
ckan_keywords_chart of accounts,ckan_keywords_coa,0.0286827349426,0.0207612456747,2,2,2064,2064
ckan_keywords_chart of accounts,ckan_keywords_core responsibilities,0.0286827349426,0.0207612456747,2,2,2064,2064
ckan_keywords_chart of accounts,ckan_keywords_core responsibility,0.0286827349426,0.0207612456747,2,2,2064,2064
ckan_keywords_chart of accounts,ckan_keywords_financial coding,0.0286827349426,0.0207612456747,2,2,2064,2064
ckan_keywords_chart of accounts,ckan_keywords_government-wide chart of accounts,0.0286827349426,0.0207612456747,2,2,2064,2064
ckan_keywords_chart of accounts,ckan_keywords_gwcoa,0.0286827349426,0.0207612456747,2,2,2064,2064
ckan_keywords_chart of accounts,ckan_keywords_list of program codes,0.0286827349426,0.0207612456747,2,2,2064,2064
ckan_keywords_chart of accounts,ckan_keywords_prog,0.0286827349426,0.0207612456747,2,2,2064,2064
ckan_keywords_chart of accounts,ckan_keywords_program activity architecture,0.0286827349426,0.0207612456747,2,2,2064,2064
ckan_keywords_chart of accounts,ckan_keywords_program activity codes,0.0286827349426,0.0207612456747,2,2,2064,2064
ckan_keywords_chart of accounts,ckan_keywords_program alignment architecture,0.0286827349426,0.0207612456747,2,2,2064,2064
ckan_keywords_chart of accounts,ckan_keywords_program codes,0.0286827349426,0.0207612456747,2,2,2064,2064
ckan_keywords_chart of accounts,ckan_keywords_program inventory,0.0286827349426,0.0207612456747,2,2,2064,2064
ckan_keywords_chart of accounts,ckan_keywords_programs,0.0286827349426,0.0207612456747,2,2,2064,2064
ckan_keywords_chart of accounts,ckan_keywords_receiver general,0.0286827349426,0.0207612456747,2,4,2064,2064
ckan_keywords_climate,ckan_keywords_air and climate,0.0157963820015,0.0247933884298,2,6,2064,2064
ckan_keywords_climate,ckan_keywords_canadian arctic,0.0157963820015,0.0247933884298,2,2,2064,2064
ckan_keywords_climate,ckan_keywords_climate change,0.0157963820015,0.0247933884298,2,2,2064,2064
ckan_keywords_climate,ckan_keywords_ice,0.0157963820015,0.0247933884298,2,2,2064,2064
ckan_keywords_climate,ckan_keywords_multi-year ice,0.0157963820015,0.0247933884298,2,2,2064,2064
ckan_keywords_climate,ckan_keywords_northwest passage,0.0157963820015,0.0247933884298,2,2,2064,2064
ckan_keywords_climate,ckan_keywords_sea ice,0.0157963820015,0.0247933884298,2,2,2064,2064
ckan_keywords_climate,ckan_keywords_sea ice area,0.0157963820015,0.0247933884298,2,2,2064,2064
ckan_keywords_cmhc,ckan_keywords_housing starts,0.0175873637228,0.444444444444,3,2,2064,2064
ckan_keywords_cmhc,ckan_subject_economics_and_industry,0.0573532428097,1.04166666667,3,16,2064,2064
ckan_keywords_commodity classification,ckan_keywords_custom-basis merchandise trade data,0.59931423731,4.703125,2,2,2064,2064
ckan_keywords_commodity classification,ckan_keywords_exports,0.59931423731,4.703125,2,2,2064,2064
ckan_keywords_commodity classification,ckan_keywords_harmonized system,0.59931423731,4.703125,2,2,2064,2064
ckan_keywords_commodity classification,ckan_keywords_hs,0.59931423731,4.703125,2,2,2064,2064
ckan_keywords_commodity classification,ckan_keywords_imports,0.59931423731,4.703125,2,2,2064,2064
ckan_keywords_commodity classification,ckan_keywords_international trade,0.59931423731,4.703125,2,2,2064,2064
ckan_keywords_commodity classification,ckan_subject_economics_and_industry,0.546976165234,4.703125,2,16,2064,2064
ckan_keywords_conditional release decision,ckan_subject_law,0.0286827349426,0.0136054421769,2,5,2064,2064
ckan_keywords_conservation,ckan_keywords_nature,0.0336970306169,0.0370019723866,3,5,2064,2064
ckan_keywords_conservation projects,ckan_keywords_wetlands,0.0157963820015,0.0133333333333,2,3,2064,2064
ckan_keywords_construction-related payment,ckan_keywords_canadian construction association,0.00603370772761,0.00444444444444,2,2,2064,2064
ckan_keywords_construction-related payment,ckan_keywords_cca,0.00603370772761,0.00444444444444,2,2,2064,2064
ckan_keywords_construction-related payment,ckan_keywords_construction contracts,0.00603370772761,0.00444444444444,2,2,2064,2064
ckan_keywords_construction-related payment,ckan_keywords_construction industry,0.00603370772761,0.00444444444444,2,2,2064,2064
ckan_keywords_construction-related payment,ckan_keywords_construction payment disclosure,0.00603370772761,0.00444444444444,2,2,2064,2064
ckan_keywords_construction-related payment,ckan_keywords_dcc,0.00603370772761,0.00444444444444,2,2,2064,2064
ckan_keywords_construction-related payment,ckan_keywords_defence construction canada,0.00603370772761,0.00444444444444,2,2,2064,2064
ckan_keywords_construction-related payment,ckan_keywords_government-industry working group on prompt payment,0.00603370772761,0.00444444444444,2,2,2064,2064
ckan_keywords_construction-related payment,ckan_keywords_payments to contractors,0.00603370772761,0.00444444444444,2,2,2064,2064
ckan_keywords_construction-related payment,ckan_keywords_proactive disclosure,0.00603370772761,0.00444444444444,2,2,2064,2064
ckan_keywords_construction-related payment,ckan_keywords_prompt payments,0.00603370772761,0.00444444444444,2,2,2064,2064
ckan_keywords_construction-related payment,ckan_keywords_pspc,0.00603370772761,0.00444444444444,2,2,2064,2064
ckan_keywords_construction-related payment,ckan_keywords_public services and procurement canada,0.00603370772761,0.00444444444444,2,2,2064,2064
ckan_keywords_consumer price index,ckan_keywords_gross domestic product,0.0286827349426,0.0123966942149,2,3,2064,2064
ckan_keywords_cpp,ckan_keywords_canada pension plan,0.0268924320076,0.409722222222,3,3,2064,2064
ckan_keywords_critical infrastructure,ckan_subject_health_and_safety,0.00603370772761,0.0004,2,5,2064,2064
ckan_keywords_detention,ckan_keywords_unescorted temporary absence,0.0489314158778,0.0313832199546,3,3,2064,2064
ckan_keywords_disaster,ckan_subject_health_and_safety,0.00603370772761,0.0004,2,5,2064,2064
ckan_keywords_disturbance,ckan_subject_health_and_safety,0.00603370772761,0.0004,2,5,2064,2064
ckan_keywords_downstream,ckan_keywords_emissions,0.0110980843898,0.0078125,2,6,2064,2064
ckan_keywords_drinking water,ckan_subject_health_and_safety,0.0120670766379,0.00982340976331,3,5,2064,2064
ckan_keywords_earnings,ckan_subject_labour,0.00603370772761,0.00694444444444,2,5,2064,2064
ckan_keywords_ebm,ckan_keywords_pacific,0.0110980843898,0.0246913580247,2,4,2064,2064
ckan_keywords_economic price indexes,ckan_keywords_gross domestic product,0.0286827349426,0.0123966942149,2,3,2064,2064
ckan_keywords_ecosystem risk assessment framework,ckan_keywords_ebm,0.0110980843898,0.0246913580247,2,2,2064,2064
ckan_keywords_ecosystem-based management,ckan_keywords_ebm,0.0110980843898,0.0246913580247,2,2,2064,2064
ckan_keywords_ecosystems,ckan_topiccategory_biota,0.00603370772761,0.04,2,6,2064,2064
ckan_keywords_ehv mpa,ckan_keywords_ebm,0.0110980843898,0.0246913580247,2,2,2064,2064
ckan_keywords_elections,ckan_keywords_federal,0.623491372619,20.0625,2,2,2064,2064
ckan_keywords_elections,ckan_keywords_results,0.623491372619,20.0625,2,2,2064,2064
ckan_keywords_elections,ckan_subject_government_and_politics,0.623491372619,20.0625,2,10,2064,2064
ckan_keywords_emergency,ckan_subject_health_and_safety,0.00603370772761,0.0004,2,5,2064,2064
ckan_keywords_emissions,ckan_keywords_chemical,0.0202568283567,0.00308641975309,6,2,2064,2064
ckan_keywords_emissions,ckan_keywords_chemical spill,0.0202568283567,0.00308641975309,6,2,2064,2064
ckan_keywords_emissions,ckan_keywords_disposal,0.0202568283567,0.00308641975309,6,2,2064,2064
ckan_keywords_emissions,ckan_keywords_energy recovery,0.0202568283567,0.00308641975309,6,2,2064,2064
ckan_keywords_emissions,ckan_keywords_environmental performance,0.0202568283567,0.00308641975309,6,2,2064,2064
ckan_keywords_emissions,ckan_keywords_environmental programs,0.0202568283567,0.00308641975309,6,2,2064,2064
ckan_keywords_emissions,ckan_keywords_facilities,0.0202568283567,0.00308641975309,6,2,2064,2064
ckan_keywords_emissions,ckan_keywords_industry,0.0202568283567,0.00308641975309,6,2,2064,2064
ckan_keywords_emissions,ckan_keywords_inventory,0.0202568283567,0.00308641975309,6,2,2064,2064
ckan_keywords_emissions,ckan_keywords_land,0.0202568283567,0.00308641975309,6,2,2064,2064
ckan_keywords_emissions,ckan_keywords_landfill,0.0202568283567,0.00308641975309,6,2,2064,2064
ckan_keywords_emissions,ckan_keywords_map,0.0202568283567,0.00308641975309,6,2,2064,2064
ckan_keywords_emissions,ckan_keywords_npri,0.0202568283567,0.00308641975309,6,2,2064,2064
ckan_keywords_emissions,ckan_keywords_ozone,0.0202568283567,0.00308641975309,6,2,2064,2064
ckan_keywords_emissions,ckan_keywords_particulate matter,0.0202568283567,0.00308641975309,6,2,2064,2064
ckan_keywords_emissions,ckan_keywords_pollutant,0.0202568283567,0.00308641975309,6,2,2064,2064
ckan_keywords_emissions,ckan_keywords_pollution,0.0489314158778,0.018298983568,6,4,2064,2064
ckan_keywords_emissions,ckan_keywords_release,0.0202568283567,0.00308641975309,6,2,2064,2064
ckan_keywords_emissions,ckan_keywords_smog,0.0202568283567,0.00308641975309,6,2,2064,2064
ckan_keywords_emissions,ckan_keywords_sources,0.037838763104,0.0268245802476,6,3,2064,2064
ckan_keywords_emissions,ckan_keywords_substance,0.0202568283567,0.00308641975309,6,2,2064,2064
ckan_keywords_emissions,ckan_keywords_sulphur oxide,0.0202568283567,0.00308641975309,6,2,2064,2064
ckan_keywords_emissions,ckan_keywords_underground injection,0.0202568283567,0.00308641975309,6,2,2064,2064
ckan_keywords_emissions,ckan_keywords_volatile organic compound,0.0202568283567,0.00308641975309,6,2,2064,2064
ckan_keywords_emissions,ckan_keywords_waste,0.0202568283567,0.00308641975309,6,2,2064,2064
ckan_keywords_emissions,ckan_subject_nature_and_environment,0.0659332368068,0.0520598130383,6,19,2064,2064
ckan_keywords_employment insurance operating account,ckan_keywords_consolidated accounts,0.0110980843898,0.0246913580247,2,2,2064,2064
ckan_keywords_employment insurance operating account,ckan_keywords_expenses,0.0110980843898,0.0246913580247,2,2,2064,2064
ckan_keywords_employment insurance operating account,ckan_keywords_government of canada,0.0110980843898,0.0246913580247,2,3,2064,2064
ckan_keywords_employment insurance operating account,ckan_keywords_revenues,0.0110980843898,0.0246913580247,2,2,2064,2064
ckan_keywords_employment insurance operating account,ckan_keywords_volume 1,0.0110980843898,0.0246913580247,2,2,2064,2064
ckan_keywords_endeavour hydrothermal vents marine protected area,ckan_keywords_ebm,0.0110980843898,0.0246913580247,2,2,2064,2064
ckan_keywords_energy,ckan_subject_health_and_safety,0.00603370772761,0.0004,2,5,2064,2064
ckan_keywords_environmental indicator,ckan_keywords_nature,0.0110980843898,0.00554016620499,2,5,2064,2064
ckan_keywords_environmental indicators,ckan_keywords_air and climate,0.0566455660302,0.0785542179,12,6,2064,2064
ckan_keywords_environmental indicators,ckan_subject_nature_and_environment,0.172652027108,0.195612406569,12,19,2064,2064
ckan_keywords_epidemic,ckan_subject_health_and_safety,0.00603370772761,0.0004,2,5,2064,2064
ckan_keywords_eraf,ckan_keywords_ebm,0.0110980843898,0.0246913580247,2,2,2064,2064
ckan_keywords_eraf pilot project,ckan_keywords_ebm,0.0110980843898,0.0246913580247,2,2,2064,2064
ckan_keywords_escorted temporary absence,ckan_keywords_unescorted temporary absence,0.0489314158778,0.0313832199546,3,3,2064,2064
ckan_keywords_extinct,ckan_keywords_nature,0.0110980843898,0.00554016620499,2,5,2064,2064
ckan_keywords_extirpated,ckan_keywords_nature,0.0110980843898,0.00554016620499,2,5,2064,2064
ckan_keywords_faa,ckan_subject_government_and_politics,0.0202568283567,0.00216333153056,2,10,2064,2064
ckan_keywords_federal public service,ckan_subject_government_and_politics,0.0202568283567,0.00216333153056,2,10,2064,2064
ckan_keywords_fine particulate matter,ckan_keywords_air pollutants,0.0110980843898,0.00554016620499,2,5,2064,2064
ckan_keywords_first nations,ckan_subject_health_and_safety,0.00603370772761,0.00390625,2,5,2064,2064
ckan_keywords_fish,ckan_keywords_british columbia,0.00603370772761,0.00591715976331,2,6,2064,2064
ckan_keywords_flood,ckan_subject_health_and_safety,0.00603370772761,0.0004,2,5,2064,2064
ckan_keywords_general status,ckan_keywords_nature,0.0110980843898,0.00554016620499,2,5,2064,2064
ckan_keywords_geological,ckan_subject_health_and_safety,0.00603370772761,0.0004,2,5,2064,2064
ckan_keywords_geomagnetic storm,ckan_subject_health_and_safety,0.00603370772761,0.0004,2,5,2064,2064
ckan_keywords_goods and services tax,ckan_keywords_canada,0.0914016201474,0.0495867768595,2,4,2064,2064
ckan_keywords_government business enterprises,ckan_keywords_accumulated losses,0.0110980843898,0.0102040816327,2,2,2064,2064
ckan_keywords_government business enterprises,ckan_keywords_accumulated profits,0.0110980843898,0.0102040816327,2,2,2064,2064
ckan_keywords_government business enterprises,ckan_keywords_contributed surplus,0.0110980843898,0.0102040816327,2,2,2064,2064
ckan_keywords_government business enterprises,ckan_keywords_enterprise crown corporations,0.0110980843898,0.0102040816327,2,2,2064,2064
ckan_keywords_government business enterprises,ckan_keywords_financial,0.0110980843898,0.0102040816327,2,2,2064,2064
ckan_keywords_government business enterprises,ckan_keywords_financial position,0.0110980843898,0.0102040816327,2,2,2064,2064
ckan_keywords_government business enterprises,ckan_keywords_non-financial,0.0110980843898,0.0102040816327,2,2,2064,2064
ckan_keywords_government business enterprises,ckan_keywords_receiver general,0.0110980843898,0.0102040816327,2,4,2064,2064
ckan_keywords_government business enterprises,ckan_keywords_third parties,0.0110980843898,0.0102040816327,2,2,2064,2064
ckan_keywords_government of canada,ckan_keywords_receiver general,0.0208600805359,0.0348954396573,3,4,2064,2064
ckan_keywords_government securities,ckan_keywords_gross domestic product,0.0286827349426,0.0123966942149,2,3,2064,2064
ckan_keywords_gross domestic product,ckan_keywords_american economy,0.0286827349426,0.0123966942149,3,2,2064,2064
ckan_keywords_gross domestic product,ckan_keywords_cpi,0.0286827349426,0.0123966942149,3,2,2064,2064
ckan_keywords_gross domestic product,ckan_keywords_economic conditions,0.0286827349426,0.0123966942149,3,2,2064,2064
ckan_keywords_gross domestic product,ckan_keywords_economic forecasts,0.0286827349426,0.0123966942149,3,2,2064,2064
ckan_keywords_gross domestic product,ckan_keywords_economic situation,0.0286827349426,0.0123966942149,3,2,2064,2064
ckan_keywords_gross domestic product,ckan_keywords_economic trends,0.0286827349426,0.0123966942149,3,2,2064,2064
ckan_keywords_gross domestic product,ckan_keywords_employment growth,0.0286827349426,0.0123966942149,3,2,2064,2064
ckan_keywords_gross domestic product,ckan_keywords_fiscal planning,0.0286827349426,0.0123966942149,3,2,2064,2064
ckan_keywords_gross domestic product,ckan_keywords_gdp,0.0397767476001,0.0226007758475,3,3,2064,2064
ckan_keywords_gross domestic product,ckan_keywords_inflation,0.0286827349426,0.0123966942149,3,2,2064,2064
ckan_keywords_gross domestic product,ckan_keywords_job growth,0.0286827349426,0.0123966942149,3,2,2064,2064
ckan_keywords_gross domestic product,ckan_keywords_price indexes,0.0286827349426,0.0123966942149,3,2,2064,2064
ckan_keywords_gross domestic product,ckan_keywords_treasury bills,0.0286827349426,0.0123966942149,3,2,2064,2064
ckan_keywords_gross domestic product,ckan_keywords_us economy,0.0286827349426,0.0123966942149,3,2,2064,2064
ckan_keywords_gst-hst collected,ckan_keywords_canada,0.0914016201474,0.0495867768595,2,4,2064,2064
ckan_keywords_habitat capacity,ckan_keywords_agricultural land,0.0110980843898,0.00888888888889,2,2,2064,2064
ckan_keywords_habitat capacity,ckan_keywords_agricultural regions,0.0110980843898,0.00888888888889,2,2,2064,2064
ckan_keywords_habitat capacity,ckan_keywords_agriculture,0.0110980843898,0.00888888888889,2,2,2064,2064
ckan_keywords_habitat capacity,ckan_keywords_farmland,0.0110980843898,0.00888888888889,2,2,2064,2064
ckan_keywords_habitat capacity,ckan_keywords_species,0.0110980843898,0.00888888888889,2,4,2064,2064
ckan_keywords_habitat capacity,ckan_keywords_sustainable agriculture,0.0110980843898,0.00888888888889,2,2,2064,2064
ckan_keywords_habitat capacity,ckan_keywords_vegetation,0.0110980843898,0.00888888888889,2,2,2064,2064
ckan_keywords_hail,ckan_subject_health_and_safety,0.00603370772761,0.0004,2,5,2064,2064
ckan_keywords_health and safety,ckan_subject_health_and_safety,0.00603370772761,0.00390625,2,5,2064,2064
ckan_keywords_health canada,ckan_subject_health_and_safety,0.00603370772761,0.00591715976331,2,5,2064,2064
ckan_keywords_health care system,ckan_subject_health_and_safety,0.00603370772761,0.00390625,2,5,2064,2064
ckan_keywords_hg,ckan_keywords_toxic substances,0.0110980843898,0.00413223140496,2,3,2064,2064
ckan_keywords_hierarchical bayesian,ckan_keywords_canada,0.0202568283567,0.0236686390533,2,4,2064,2064
ckan_keywords_historical summary,ckan_keywords_natural gas exports,0.0442271978814,0.4,2,2,2064,2064
ckan_keywords_historical summary,ckan_keywords_purchaser type,0.0442271978814,0.4,2,2,2064,2064
ckan_keywords_historical summary,ckan_keywords_volume,0.0442271978814,0.4,2,2,2064,2064
ckan_keywords_historical summary,ckan_subject_economics_and_industry,0.0442271978814,0.4,2,16,2064,2064
ckan_keywords_hiv,ckan_subject_health_and_safety,0.00603370772761,0.00390625,2,5,2064,2064
ckan_keywords_hs6,ckan_keywords_hs10,0.0327077651228,0.194444444444,2,2,2064,2064
ckan_keywords_hs6,ckan_keywords_importers,0.0327077651228,0.194444444444,2,2,2064,2064
ckan_keywords_hs6,ckan_keywords_importers by city,0.0327077651228,0.194444444444,2,2,2064,2064
ckan_keywords_hs6,ckan_keywords_importers by country,0.0327077651228,0.194444444444,2,2,2064,2064
ckan_keywords_hs6,ckan_subject_economics_and_industry,0.0196096977137,0.194444444444,2,16,2064,2064
ckan_keywords_immunization.,ckan_subject_health_and_safety,0.00603370772761,0.00390625,2,5,2064,2064
ckan_keywords_import,ckan_keywords_canadian,0.106582844117,0.147959183673,2,2,2064,2064
ckan_keywords_import,ckan_keywords_capacity,0.106582844117,0.147959183673,2,2,2064,2064
ckan_keywords_import,ckan_keywords_export,0.106582844117,0.147959183673,2,2,2064,2064
ckan_keywords_import,ckan_keywords_heavy,0.106582844117,0.147959183673,2,2,2064,2064
ckan_keywords_import,ckan_keywords_intracanada,0.106582844117,0.147959183673,2,2,2064,2064
ckan_keywords_import,ckan_keywords_light,0.106582844117,0.147959183673,2,2,2064,2064
ckan_keywords_import,ckan_keywords_natural gas,0.106582844117,0.147959183673,2,2,2064,2064
ckan_keywords_import,ckan_keywords_oil,0.106582844117,0.147959183673,2,2,2064,2064
ckan_keywords_import,ckan_keywords_refined petroleum products,0.106582844117,0.147959183673,2,2,2064,2064
ckan_keywords_import,ckan_keywords_throughput,0.106582844117,0.147959183673,2,2,2064,2064
ckan_keywords_import,ckan_keywords_transportation,0.106582844117,0.147959183673,2,2,2064,2064
ckan_keywords_import,ckan_keywords_utilization,0.106582844117,0.147959183673,2,2,2064,2064
ckan_keywords_income statistics,ckan_keywords_canada,0.0914016201474,0.0495867768595,2,4,2064,2064
ckan_keywords_inshore waters,ckan_topiccategory_biota,0.00603370772761,0.00346020761246,2,6,2064,2064
ckan_keywords_job,ckan_subject_labour,0.00603370772761,0.00694444444444,2,5,2064,2064
ckan_keywords_kidnapping,ckan_subject_health_and_safety,0.00603370772761,0.0004,2,5,2064,2064
ckan_keywords_labour market,ckan_subject_labour,0.00603370772761,0.00694444444444,2,5,2064,2064
ckan_keywords_labour market information,ckan_subject_labour,0.00603370772761,0.00694444444444,2,5,2064,2064
ckan_keywords_lake winnipeg,ckan_keywords_nitrogen,0.0202568283567,0.0236686390533,2,2,2064,2064
ckan_keywords_legal entity status,ckan_keywords_canada,0.0914016201474,0.0495867768595,2,4,2064,2064
ckan_keywords_major ions,ckan_keywords_bacteria,0.0484970181296,0.0366469528988,4,4,2064,2064
ckan_keywords_major ions,ckan_keywords_federal provincial agreements,0.0327077651228,0.0213408304498,4,3,2064,2064
ckan_keywords_major ions,ckan_keywords_lakes,0.0327077651228,0.0213408304498,4,3,2064,2064
ckan_keywords_major ions,ckan_keywords_metals,0.0484970181296,0.0366469528988,4,4,2064,2064
ckan_keywords_major ions,ckan_keywords_monitoring,0.0484970181296,0.0366469528988,4,4,2064,2064
ckan_keywords_major ions,ckan_keywords_rivers,0.0484970181296,0.0366469528988,4,4,2064,2064
ckan_keywords_major ions,ckan_keywords_status,0.0484970181296,0.0366469528988,4,5,2064,2064
ckan_keywords_major ions,ckan_keywords_surveillance,0.0484970181296,0.0366469528988,4,4,2064,2064
ckan_keywords_major ions,ckan_keywords_transboundary,0.0484970181296,0.0366469528988,4,4,2064,2064
ckan_keywords_man-made,ckan_subject_health_and_safety,0.00603370772761,0.0004,2,5,2064,2064
ckan_keywords_marketing,ckan_subject_health_and_safety,0.00603370772761,0.00390625,2,5,2064,2064
ckan_keywords_maximum wage,ckan_subject_labour,0.00603370772761,0.00694444444444,2,5,2064,2064
ckan_keywords_median wage,ckan_subject_labour,0.00603370772761,0.00694444444444,2,5,2064,2064
ckan_keywords_mercury,ckan_keywords_emissions,0.0110980843898,0.00413223140496,2,6,2064,2064
ckan_keywords_minimum wage,ckan_subject_labour,0.00603370772761,0.00694444444444,2,5,2064,2064
ckan_keywords_monitoring sites,ckan_keywords_aquatic life,0.0110980843898,0.00692041522491,2,2,2064,2064
ckan_keywords_monitoring sites,ckan_keywords_canadian rivers,0.0110980843898,0.00692041522491,2,2,2064,2064
ckan_keywords_monitoring sites,ckan_keywords_drainage region,0.0110980843898,0.00692041522491,2,2,2064,2064
ckan_keywords_monitoring sites,ckan_keywords_freshwater,0.0110980843898,0.00692041522491,2,2,2064,2064
ckan_keywords_monitoring sites,ckan_keywords_human activity,0.0110980843898,0.00692041522491,2,2,2064,2064
ckan_keywords_monitoring sites,ckan_keywords_human impacts,0.0110980843898,0.00692041522491,2,2,2064,2064
ckan_keywords_monitoring sites,ckan_keywords_national,0.0110980843898,0.00692041522491,2,5,2064,2064
ckan_keywords_monitoring sites,ckan_keywords_pressures,0.0110980843898,0.00692041522491,2,2,2064,2064
ckan_keywords_monitoring sites,ckan_keywords_water quality guidelines,0.0110980843898,0.00692041522491,2,2,2064,2064
ckan_keywords_mp,ckan_keywords_administrator,0.0110980843898,0.0165289256198,2,3,2064,2064
ckan_keywords_mp,ckan_keywords_dc,0.0110980843898,0.0165289256198,2,2,2064,2064
ckan_keywords_mp,ckan_keywords_defined contributions,0.0110980843898,0.0165289256198,2,2,2064,2064
ckan_keywords_mp,ckan_keywords_limit,0.0110980843898,0.0165289256198,2,2,2064,2064
ckan_keywords_mp,ckan_keywords_money purchase,0.0110980843898,0.0165289256198,2,2,2064,2064
ckan_keywords_national,ckan_keywords_availability,0.0110980843898,0.02,5,2,2064,2064
ckan_keywords_national,ckan_keywords_broadband,0.0110980843898,0.02,5,2,2064,2064
ckan_keywords_national,ckan_keywords_coverage,0.0110980843898,0.02,5,2,2064,2064
ckan_keywords_national,ckan_keywords_environmental indicators,0.0229391020017,0.0249369968576,5,12,2064,2064
ckan_keywords_national,ckan_keywords_hexagon,0.0110980843898,0.02,5,2,2064,2064
ckan_keywords_national,ckan_keywords_internet service providers,0.0110980843898,0.02,5,2,2064,2064
ckan_keywords_national,ckan_keywords_underserved population,0.0110980843898,0.02,5,2,2064,2064
ckan_keywords_national,ckan_keywords_unserved population,0.0110980843898,0.02,5,2,2064,2064
ckan_keywords_national,ckan_keywords_voc,0.0110980843898,0.0102040816327,5,2,2064,2064
ckan_keywords_natural,ckan_subject_health_and_safety,0.00603370772761,0.0004,2,5,2064,2064
ckan_keywords_nature and biodiversity,ckan_topiccategory_biota,0.00603370772761,0.00346020761246,2,6,2064,2064
ckan_keywords_nature and biodiversity - habitat,ckan_keywords_birds,0.0181004458772,0.0379706790123,5,5,2064,2064
ckan_keywords_nature and biodiversity - habitat,ckan_keywords_eskimo curlew; range; downloadable data,0.00603370772761,0.0123456790123,5,2,2064,2064
ckan_keywords_nature and biodiversity - habitat,ckan_keywords_protect and restore species,0.0181001065665,0.0379706790123,5,4,2064,2064
ckan_keywords_nature and biodiversity - habitat,ckan_keywords_territories - northwest territories (nt),0.0120670766379,0.0223456790123,5,3,2064,2064
ckan_keywords_nature and biodiversity - habitat,ckan_keywords_territories - nunavut (nu),0.0120670766379,0.0279706790123,5,3,2064,2064
ckan_keywords_nature and biodiversity - habitat,ckan_subject_nature_and_environment,0.0176672072482,0.0462351418223,5,19,2064,2064
ckan_keywords_nature conservation,ckan_keywords_canada,0.0202568283567,0.0236686390533,2,4,2064,2064
ckan_keywords_ne nature and environment,ckan_keywords_canada,0.0202568283567,0.0236686390533,2,4,2064,2064
ckan_keywords_ne nature and environment birds,ckan_keywords_canada,0.0202568283567,0.0236686390533,2,4,2064,2064
ckan_keywords_nitrogen,ckan_keywords_guidelines,0.0202568283567,0.0236686390533,2,2,2064,2064
ckan_keywords_nitrogen,ckan_keywords_phosphorus,0.0202568283567,0.0236686390533,2,2,2064,2064
ckan_keywords_nitrogen,ckan_keywords_regional ecosystems,0.0202568283567,0.0236686390533,2,2,2064,2064
ckan_keywords_nitrogen,ckan_keywords_water,0.0202568283567,0.0236686390533,2,6,2064,2064
ckan_keywords_nitrogen oxides,ckan_keywords_ammonia,0.0313521995765,0.00862658595807,4,3,2064,2064
ckan_keywords_obesity,ckan_subject_health_and_safety,0.00603370772761,0.00390625,2,5,2064,2064
ckan_keywords_oceans,ckan_keywords_atlantic - prince edward island (pe),0.00469897541067,0.00390625,3,2,2064,2064
ckan_keywords_oceans,ckan_subject_nature_and_environment,0.0115265617533,0.0127951388889,3,19,2064,2064
ckan_keywords_offshore waters,ckan_topiccategory_biota,0.00603370772761,0.00346020761246,2,6,2064,2064
ckan_keywords_ontario,ckan_subject_economics_and_industry,0.505510317796,0.87109375,4,16,2064,2064
ckan_keywords_organics,ckan_keywords_pesticides,0.0157963820015,0.0075,2,2,2064,2064
ckan_keywords_organics,ckan_keywords_prairie provinces water board,0.0157963820015,0.0075,2,2,2064,2064
ckan_keywords_pandemic,ckan_subject_health_and_safety,0.00603370772761,0.0004,2,5,2064,2064
ckan_keywords_par,ckan_keywords_administrator,0.0110980843898,0.0118343195266,2,3,2064,2064
ckan_keywords_par,ckan_keywords_contribution limit,0.0110980843898,0.0118343195266,2,2,2064,2064
ckan_keywords_par,ckan_keywords_deferred profit sharing plan,0.0110980843898,0.0118343195266,2,2,2064,2064
ckan_keywords_par,ckan_keywords_dpsp,0.0110980843898,0.0118343195266,2,2,2064,2064
ckan_keywords_par,ckan_keywords_employer,0.0110980843898,0.0118343195266,2,2,2064,2064
ckan_keywords_par,ckan_keywords_group arrangement,0.0110980843898,0.0118343195266,2,2,2064,2064
ckan_keywords_par,ckan_keywords_pension adjustment reversal,0.0110980843898,0.0118343195266,2,2,2064,2064
ckan_keywords_parole,ckan_keywords_conditional release,0.0600227074436,0.156383219955,4,4,2064,2064
ckan_keywords_pb,ckan_keywords_canadian environmental protection act,0.0202568283567,0.00967239760994,3,3,2064,2064
ckan_keywords_pb,ckan_keywords_lead,0.0221948128528,0.00967239760994,3,3,2064,2064
ckan_keywords_pelagic,ckan_topiccategory_biota,0.00603370772761,0.00346020761246,2,6,2064,2064
ckan_keywords_periodicals,ckan_keywords_bibliographic information,0.0120670766379,0.0279706790123,3,3,2064,2064
ckan_keywords_periodicals,ckan_keywords_citations,0.0120670766379,0.0279706790123,3,3,2064,2064
ckan_keywords_periodicals,ckan_keywords_journal articles,0.0120670766379,0.0279706790123,3,3,2064,2064
ckan_keywords_periodicals,ckan_keywords_publications,0.0120670766379,0.0279706790123,3,3,2064,2064
ckan_keywords_periodicals,ckan_keywords_publishing,0.0120670766379,0.0279706790123,3,3,2064,2064
ckan_keywords_periodicals,ckan_subject_persons,0.00605924724228,0.0123456790123,3,5,2064,2064
ckan_keywords_personal income taxes,ckan_keywords_tax bracket,0.0787304429551,0.3125,2,2,2064,2064
ckan_keywords_personal income taxes,ckan_keywords_taxpayers,0.0787304429551,0.3125,2,3,2064,2064
ckan_keywords_plants,ckan_topiccategory_biota,0.00603370772761,0.04,2,6,2064,2064
ckan_keywords_pollution,ckan_keywords_toxic,0.0516008805116,0.018298983568,4,4,2064,2064
ckan_keywords_pollution prevention,ckan_keywords_emissions,0.0202568283567,0.00308641975309,2,6,2064,2064
ckan_keywords_population trend,ckan_keywords_canada,0.0202568283567,0.0236686390533,2,4,2064,2064
ckan_keywords_post-secondary education - pse,ckan_subject_government_and_politics,0.00603370772761,0.00826446280992,2,10,2064,2064
ckan_keywords_posting,ckan_subject_labour,0.00603370772761,0.00694444444444,2,5,2064,2064
ckan_keywords_proactive disclosire,ckan_keywords_grants and contributions,0.0110980843898,0.08,2,2,2064,2064
ckan_keywords_proactive disclosire,ckan_keywords_pd,0.0110980843898,0.08,2,2,2064,2064
ckan_keywords_proactive disclosire,ckan_subject_information_and_communications,0.0110980843898,0.08,2,4,2064,2064
ckan_keywords_procellariiformes,ckan_topiccategory_biota,0.00603370772761,0.00346020761246,2,6,2064,2064
ckan_keywords_production,ckan_keywords_emissions,0.0110980843898,0.0078125,2,6,2064,2064
ckan_keywords_province,ckan_keywords_canada revenue agency,0.583470706206,0.92068052686,4,4,2064,2064
ckan_keywords_public accounts,ckan_keywords_government of canada,0.0221948128528,0.0348954396573,3,3,2064,2064
ckan_keywords_public opinion research,ckan_subject_information_and_communications,0.00603370772761,0.0277777777778,2,4,2064,2064
ckan_keywords_public service employment act,ckan_keywords_appointment,0.0202568283567,0.00216333153056,2,2,2064,2064
ckan_keywords_public service employment act,ckan_keywords_bargaining unit designator code,0.0202568283567,0.00216333153056,2,2,2064,2064
ckan_keywords_public service employment act,ckan_keywords_human,0.0202568283567,0.00216333153056,2,2,2064,2064
ckan_keywords_public service employment act,ckan_keywords_ochro,0.0202568283567,0.00216333153056,2,2,2064,2064
ckan_keywords_public service employment act,ckan_keywords_resources,0.0202568283567,0.00216333153056,2,2,2064,2064
ckan_keywords_public service employment act,ckan_keywords_student employee,0.0202568283567,0.00216333153056,2,2,2064,2064
ckan_keywords_public service employment act,ckan_keywords_tbs,0.0202568283567,0.00216333153056,2,2,2064,2064
ckan_keywords_public service employment act,ckan_keywords_term employee,0.0202568283567,0.00216333153056,2,2,2064,2064
ckan_keywords_purchase,ckan_keywords_acan,0.0366322587456,0.0151228733459,2,2,2064,2064
ckan_keywords_purchase,ckan_keywords_awards,0.0366322587456,0.0151228733459,2,2,2064,2064
ckan_keywords_purchase,ckan_keywords_methods of supply,0.0366322587456,0.0151228733459,2,2,2064,2064
ckan_keywords_purchase,ckan_keywords_procurement specialists,0.0366322587456,0.0151228733459,2,2,2064,2064
ckan_keywords_purchase,ckan_keywords_request for information,0.0366322587456,0.0151228733459,2,2,2064,2064
ckan_keywords_purchase,ckan_keywords_request for proposal,0.0366322587456,0.0151228733459,2,2,2064,2064
ckan_keywords_purchase,ckan_keywords_rfi,0.0366322587456,0.0151228733459,2,2,2064,2064
ckan_keywords_purchase,ckan_keywords_rfp,0.0366322587456,0.0151228733459,2,2,2064,2064
ckan_keywords_purchase,ckan_subject_education_and_training,0.0366322587456,0.0151228733459,2,4,2064,2064
ckan_keywords_quebec (qc),ckan_keywords_atlantic - prince edward island (pe),0.00603370772761,0.00390625,2,2,2064,2064
ckan_keywords_radiological,ckan_subject_health_and_safety,0.00603370772761,0.0004,2,5,2064,2064
ckan_keywords_radon,ckan_subject_health_and_safety,0.00603370772761,0.00390625,2,5,2064,2064
ckan_keywords_range map,ckan_topiccategory_environment,0.00603370772761,0.01,2,13,2064,2064
ckan_keywords_recycling,ckan_keywords_emissions,0.0202568283567,0.00308641975309,2,6,2064,2064
ckan_keywords_relative humidity,ckan_keywords_hourly,0.00603370772761,0.01,3,2,2064,2064
ckan_keywords_relative humidity,ckan_keywords_la salle river,0.00603370772761,0.01,3,2,2064,2064
ckan_keywords_relative humidity,ckan_keywords_precipitation,0.078216724204,0.0166568047337,3,3,2064,2064
ckan_keywords_relative humidity,ckan_keywords_solar radiation,0.00603370772761,0.01,3,2,2064,2064
ckan_keywords_relative humidity,ckan_keywords_weather,0.078216724204,0.0166568047337,3,4,2064,2064
ckan_keywords_report,ckan_keywords_canada revenue agency,0.169967755062,0.36208677686,3,4,2064,2064
ckan_keywords_respond to environmental emergencies,ckan_keywords_atlantic - prince edward island (pe),0.00603370772761,0.00390625,2,2,2064,2064
ckan_keywords_revocation,ckan_keywords_unescorted temporary absence,0.0489314158778,0.0313832199546,3,3,2064,2064
ckan_keywords_sara,ckan_keywords_british columbia,0.00603370772761,0.00591715976331,2,6,2064,2064
ckan_keywords_scientific information,ckan_keywords_scientific research,0.0171311143184,0.0148060486522,3,3,2064,2064
ckan_keywords_seabirds,ckan_topiccategory_biota,0.00603370772761,0.00346020761246,2,6,2064,2064
ckan_keywords_seasons,ckan_topiccategory_biota,0.00603370772761,0.00346020761246,2,6,2064,2064
ckan_keywords_sector,ckan_subject_nature_and_environment,0.0239242430678,0.016975308642,3,19,2064,2064
ckan_keywords_secure,ckan_keywords_nature,0.0110980843898,0.00554016620499,2,5,2064,2064
ckan_keywords_seeded,ckan_keywords_canada,0.00603370772761,0.00826446280992,2,4,2064,2064
ckan_keywords_sensitive,ckan_keywords_diversity,0.0110980843898,0.00554016620499,2,2,2064,2064
ckan_keywords_sensitive,ckan_keywords_nature,0.0110980843898,0.00554016620499,2,5,2064,2064
ckan_keywords_sensitive,ckan_keywords_threats,0.0110980843898,0.00554016620499,2,2,2064,2064
ckan_keywords_snow,ckan_subject_health_and_safety,0.00603370772761,0.0004,2,5,2064,2064
ckan_keywords_special conditions,ckan_subject_law,0.0286827349426,0.0136054421769,2,5,2064,2064
ckan_keywords_species,ckan_keywords_habitat,0.0171311143184,0.0171533516988,4,3,2064,2064
ckan_keywords_species,ckan_keywords_habitats,0.0171311143184,0.0171533516988,4,3,2064,2064
ckan_keywords_species at risk,ckan_keywords_british columbia,0.00603370772761,0.00826446280992,2,6,2064,2064
ckan_keywords_standing offers,ckan_keywords_business function,0.00603370772761,0.00111111111111,3,2,2064,2064
ckan_keywords_standing offers,ckan_keywords_businesses,0.0426632513247,0.016233984457,3,3,2064,2064
ckan_keywords_standing offers,ckan_keywords_buy,0.00603370772761,0.00111111111111,3,2,2064,2064
ckan_keywords_standing offers,ckan_keywords_buyers,0.0426632513247,0.016233984457,3,3,2064,2064
ckan_keywords_standing offers,ckan_keywords_classification,0.00603370772761,0.00111111111111,3,2,2064,2064
ckan_keywords_standing offers,ckan_keywords_code,0.00603370772761,0.00111111111111,3,2,2064,2064
ckan_keywords_standing offers,ckan_keywords_commodity,0.00603370772761,0.00111111111111,3,2,2064,2064
ckan_keywords_standing offers,ckan_keywords_construction,0.0426632513247,0.016233984457,3,3,2064,2064
ckan_keywords_standing offers,ckan_keywords_contract history,0.00603370772761,0.00111111111111,3,2,2064,2064
ckan_keywords_standing offers,ckan_keywords_contracts,0.0426632513247,0.016233984457,3,3,2064,2064
ckan_keywords_standing offers,ckan_keywords_data standard,0.00603370772761,0.00111111111111,3,2,2064,2064
ckan_keywords_standing offers,ckan_keywords_family,0.00603370772761,0.00111111111111,3,2,2064,2064
ckan_keywords_standing offers,ckan_keywords_federal government,0.00603370772761,0.00111111111111,3,2,2064,2064
ckan_keywords_standing offers,ckan_keywords_goods,0.0426632513247,0.016233984457,3,3,2064,2064
ckan_keywords_standing offers,ckan_keywords_goods and services identification numbers,0.00603370772761,0.00111111111111,3,2,2064,2064
ckan_keywords_standing offers,ckan_keywords_gsin,0.0426632513247,0.016233984457,3,3,2064,2064
ckan_keywords_standing offers,ckan_keywords_opportunities,0.0426632513247,0.016233984457,3,3,2064,2064
ckan_keywords_standing offers,ckan_keywords_procurement,0.0426632513247,0.016233984457,3,3,2064,2064
ckan_keywords_standing offers,ckan_keywords_registration,0.00603370772761,0.00111111111111,3,2,2064,2064
ckan_keywords_standing offers,ckan_keywords_segment,0.00603370772761,0.00111111111111,3,2,2064,2064
ckan_keywords_standing offers,ckan_keywords_sell,0.00603370772761,0.00111111111111,3,2,2064,2064
ckan_keywords_standing offers,ckan_keywords_services,0.0426632513247,0.016233984457,3,3,2064,2064
ckan_keywords_standing offers,ckan_keywords_supplier,0.00603370772761,0.00111111111111,3,2,2064,2064
ckan_keywords_standing offers,ckan_keywords_supply arrangements,0.0426632513247,0.016233984457,3,3,2064,2064
ckan_keywords_standing offers,ckan_keywords_tenders,0.0426632513247,0.016233984457,3,3,2064,2064
ckan_keywords_standing offers,ckan_keywords_united nations standard products and services code,0.00603370772761,0.00111111111111,3,2,2064,2064
ckan_keywords_standing offers,ckan_keywords_unspsc,0.00603370772761,0.00111111111111,3,2,2064,2064
ckan_keywords_standing offers,ckan_subject_education_and_training,0.0366463418692,0.0151228733459,3,4,2064,2064
ckan_keywords_steller sea lion,ckan_keywords_abundance,0.0110980843898,0.00888888888889,2,2,2064,2064
ckan_keywords_steller sea lion,ckan_keywords_aerial survey,0.0110980843898,0.00888888888889,2,2,2064,2064
ckan_keywords_steller sea lion,ckan_keywords_haulout location,0.0110980843898,0.00888888888889,2,2,2064,2064
ckan_keywords_steller sea lion,ckan_keywords_marine biology,0.0110980843898,0.00888888888889,2,2,2064,2064
ckan_keywords_steller sea lion,ckan_keywords_population distribution,0.0110980843898,0.00888888888889,2,2,2064,2064
ckan_keywords_steller sea lion,ckan_keywords_scientific information,0.0110980843898,0.00888888888889,2,3,2064,2064
ckan_keywords_sulphur oxides,ckan_keywords_air pollutants,0.0313521995765,0.0235567478376,4,5,2064,2064
ckan_keywords_sulphur oxides,ckan_keywords_carbon monoxide,0.0221948128528,0.013352666205,4,3,2064,2064
ckan_keywords_sulphur oxides,ckan_keywords_international comparison,0.0110980843898,0.0102040816327,4,2,2064,2064
ckan_keywords_sulphur oxides,ckan_keywords_oecd,0.0110980843898,0.0102040816327,4,2,2064,2064
ckan_keywords_sulphur oxides,ckan_keywords_organisation for economic co-operation and development,0.0110980843898,0.0102040816327,4,2,2064,2064
ckan_keywords_sulphur oxides,ckan_keywords_sox,0.0110980843898,0.0102040816327,4,2,2064,2064
ckan_keywords_surface water,ckan_keywords_water quality,0.0529146481107,0.0435673681237,4,5,2064,2064
ckan_keywords_survey,ckan_subject_information_and_communications,0.00603370772761,0.0277777777778,2,4,2064,2064
ckan_keywords_suspension,ckan_keywords_unescorted temporary absence,0.0489314158778,0.0313832199546,3,3,2064,2064
ckan_keywords_t-bills,ckan_keywords_gross domestic product,0.0286827349426,0.0123966942149,2,3,2064,2064
ckan_keywords_taxonomic groups,ckan_keywords_nature,0.0110980843898,0.00554016620499,2,5,2064,2064
ckan_keywords_territory,ckan_keywords_province,0.102483345964,0.0551269430645,3,4,2064,2064
ckan_keywords_terrorism,ckan_subject_health_and_safety,0.00603370772761,0.0004,2,5,2064,2064
ckan_keywords_tobacco,ckan_subject_health_and_safety,0.00603370772761,0.00390625,2,5,2064,2064
ckan_keywords_toxic metals,ckan_keywords_emissions,0.0110980843898,0.00413223140496,2,6,2064,2064
ckan_keywords_trends,ckan_keywords_bird species,0.00603370772761,0.00826446280992,5,2,2064,2064
ckan_keywords_trends,ckan_keywords_environment,0.0484983809965,0.0366469528988,5,5,2064,2064
ckan_keywords_trends,ckan_keywords_migratory bird,0.00603370772761,0.00826446280992,5,2,2064,2064
ckan_keywords_trends,ckan_keywords_pesticides,0.0124550075091,0.0075,5,2,2064,2064
ckan_keywords_trends,ckan_keywords_status,0.0545273302704,0.0449114157087,5,5,2064,2064
ckan_keywords_trends,ckan_keywords_wintering area,0.00603370772761,0.00826446280992,5,2,2064,2064
ckan_keywords_tsunami,ckan_subject_health_and_safety,0.00603370772761,0.0004,2,5,2064,2064
ckan_keywords_typhoon,ckan_subject_health_and_safety,0.00603370772761,0.0004,2,5,2064,2064
ckan_keywords_unemployment rate,ckan_keywords_gross domestic product,0.0286827349426,0.0123966942149,2,3,2064,2064
ckan_keywords_unescorted temporary absence,ckan_keywords_day parole,0.0489314158778,0.0313832199546,3,3,2064,2064
ckan_keywords_unescorted temporary absence,ckan_keywords_full parole,0.0489314158778,0.0313832199546,3,3,2064,2064
ckan_keywords_unescorted temporary absence,ckan_keywords_long term supervision,0.0489314158778,0.0313832199546,3,3,2064,2064
ckan_keywords_unescorted temporary absence,ckan_keywords_one chance statutory release,0.0489314158778,0.0313832199546,3,3,2064,2064
ckan_keywords_united states economy,ckan_keywords_gross domestic product,0.0286827349426,0.0123966942149,2,3,2064,2064
ckan_keywords_water - drainage regions - maritime coastal,ckan_keywords_atlantic - prince edward island (pe),0.00603370772761,0.00390625,2,2,2064,2064
ckan_keywords_water - drainage regions - newfoundlandlabrador,ckan_keywords_atlantic - prince edward island (pe),0.00603370772761,0.00390625,2,2,2064,2064
ckan_keywords_water - drainage regions - saint johnst. croix,ckan_keywords_atlantic - prince edward island (pe),0.00603370772761,0.00390625,2,2,2064,2064
ckan_keywords_water - major drainage area - maritime provinces,ckan_keywords_atlantic - prince edward island (pe),0.00603370772761,0.00390625,2,2,2064,2064
ckan_keywords_water - ocean basin - arctic ocean,ckan_keywords_atlantic - prince edward island (pe),0.00603370772761,0.00390625,2,2,2064,2064
ckan_keywords_water pollution,ckan_keywords_emissions,0.0202663661354,0.00308641975309,3,6,2064,2064
ckan_keywords_water quality,ckan_keywords_nutrients,0.0620665926458,0.0603155919521,5,5,2064,2064
ckan_keywords_water use,ckan_keywords_sector,0.0110980843898,0.0138888888889,2,3,2064,2064
ckan_keywords_water use,ckan_keywords_water consumption,0.0110980843898,0.0138888888889,2,2,2064,2064
ckan_keywords_water use,ckan_keywords_water quantity,0.0110980843898,0.0138888888889,2,2,2064,2064
ckan_keywords_water use,ckan_keywords_water returned,0.0110980843898,0.0138888888889,2,2,2064,2064
ckan_keywords_water use,ckan_keywords_water withdrawal,0.0110980843898,0.0138888888889,2,2,2064,2064
ckan_keywords_weather,ckan_keywords_ontario,0.147632125073,0.0149033325115,4,4,2064,2064
ckan_keywords_weather,ckan_keywords_temperature,0.153571698101,0.0249033325115,4,4,2064,2064
ckan_keywords_weather,ckan_keywords_wind speed,0.153571698101,0.0249033325115,4,4,2064,2064
ckan_keywords_wetlands,ckan_keywords_boucherville islands,0.0202568283567,0.16,3,2,2064,2064
ckan_keywords_wetlands,ckan_keywords_conservation programs,0.0157963820015,0.0133333333333,3,2,2064,2064
ckan_keywords_wetlands,ckan_keywords_habitat joint ventures,0.0157963820015,0.0133333333333,3,2,2064,2064
ckan_keywords_wetlands,ckan_keywords_habitat secured,0.0157963820015,0.0133333333333,3,2,2064,2064
ckan_keywords_wetlands,ckan_keywords_north american waterfowl management plan,0.0157963820015,0.0133333333333,3,2,2064,2064
ckan_keywords_wetlands,ckan_keywords_protected habitats,0.0157963820015,0.0133333333333,3,2,2064,2064
ckan_keywords_wetlands,ckan_keywords_st. lawrence river,0.0202568283567,0.16,3,2,2064,2064
ckan_keywords_wetlands,ckan_keywords_waterfowl,0.0157963820015,0.0133333333333,3,2,2064,2064
ckan_keywords_wetlands,ckan_keywords_les de boucherville,0.0202568283567,0.16,3,2,2064,2064
ckan_keywords_wetlands,ckan_subject_nature_and_environment,0.0284379448746,0.173333333333,3,19,2064,2064
ckan_keywords_wheat,ckan_keywords_canada,0.00603370772761,0.00826446280992,2,4,2064,2064
ckan_keywords_wild plants,ckan_keywords_nature,0.0110980843898,0.00554016620499,2,5,2064,2064
ckan_keywords_wild species,ckan_keywords_nature,0.0110980843898,0.00554016620499,2,5,2064,2064
ckan_keywords_wildlife,ckan_keywords_biodiversity,0.0202568283567,0.0144290550939,4,3,2064,2064
ckan_keywords_wildlife,ckan_subject_nature_and_environment,0.0265419162901,0.0315824067927,4,19,2064,2064
ckan_subject_agriculture,ckan_keywords_planted,0.00603370772761,0.00826446280992,4,2,2064,2064
ckan_subject_agriculture,ckan_keywords_varieties,0.00603370772761,0.00826446280992,4,2,2064,2064
ckan_subject_arts_music_literature,ckan_keywords_summary tables,0.0023621273008,0.5,2,2,2064,2064
ckan_subject_economics_and_industry,ckan_keywords_canadian construction association,0.00155365692398,0.00444444444444,16,2,2064,2064
ckan_subject_economics_and_industry,ckan_keywords_class,0.0107323443209,0.00937557392103,16,3,2064,2064
ckan_subject_economics_and_industry,ckan_keywords_gdp,0.0181073959325,0.0123966942149,16,3,2064,2064
ckan_subject_economics_and_industry,ckan_keywords_heavy,0.101399396073,0.147959183673,16,2,2064,2064
ckan_subject_economics_and_industry,ckan_keywords_housing,0.00842861975593,0.222222222222,16,2,2064,2064
ckan_subject_economics_and_industry,ckan_keywords_summary tables,0.034926414387,10.5,16,2,2064,2064
ckan_subject_economics_and_industry,ckan_subject_labour,0.154626663319,0.944444444444,16,5,2064,2064
ckan_subject_economics_and_industry,ckan_topiccategory_utilities_communication,0.0296924107128,0.375,16,3,2064,2064
ckan_subject_education_and_training,ckan_subject_economics_and_industry,0.0439261976838,0.0151228733459,4,16,2064,2064
ckan_subject_government_and_politics,ckan_keywords_aboriginal peoples,0.0331345451076,0.0408163265306,10,2,2064,2064
ckan_subject_government_and_politics,ckan_keywords_active status,0.0202568283567,0.00216333153056,10,2,2064,2064
ckan_subject_government_and_politics,ckan_keywords_attrition rate,0.0202568283567,0.00216333153056,10,2,2064,2064
ckan_subject_government_and_politics,ckan_keywords_beneficiaries,0.00603370772761,0.00826446280992,10,2,2064,2064
ckan_subject_government_and_politics,ckan_keywords_board,0.0202568283567,0.00216333153056,10,2,2064,2064
ckan_subject_government_and_politics,ckan_keywords_bud code,0.0202568283567,0.00216333153056,10,2,2064,2064
ckan_subject_government_and_politics,ckan_keywords_canada learning bond - clb,0.00603370772761,0.00826446280992,10,2,2064,2064
ckan_subject_government_and_politics,ckan_keywords_casual employee,0.0202568283567,0.00216333153056,10,2,2064,2064
ckan_subject_government_and_politics,ckan_keywords_chief,0.0202568283567,0.00216333153056,10,2,2064,2064
ckan_subject_government_and_politics,ckan_keywords_contributions,0.00603370772761,0.00826446280992,10,2,2064,2064
ckan_subject_government_and_politics,ckan_keywords_core public administration,0.0202568283567,0.00216333153056,10,2,2064,2064
ckan_subject_government_and_politics,ckan_keywords_cpa,0.0202568283567,0.00216333153056,10,2,2064,2064
ckan_subject_government_and_politics,ckan_keywords_eaa,0.0202568283567,0.00216333153056,10,2,2064,2064
ckan_subject_government_and_politics,ckan_keywords_economic policy,0.103599146689,0.28,10,2,2064,2064
ckan_subject_government_and_politics,ckan_keywords_educational assistance payment - eap,0.00603370772761,0.00826446280992,10,2,2064,2064
ckan_subject_government_and_politics,ckan_keywords_employment equity,0.0202568283567,0.00216333153056,10,2,2064,2064
ckan_subject_government_and_politics,ckan_keywords_employment equity act,0.0202568283567,0.00216333153056,10,2,2064,2064
ckan_subject_government_and_politics,ckan_keywords_federal budget,0.103599146689,0.28,10,2,2064,2064
ckan_subject_government_and_politics,ckan_keywords_financial administration act,0.0202568283567,0.00216333153056,10,2,2064,2064
ckan_subject_government_and_politics,ckan_keywords_fps,0.0202568283567,0.00216333153056,10,2,2064,2064
ckan_subject_government_and_politics,ckan_keywords_full time,0.0202568283567,0.00216333153056,10,2,2064,2064
ckan_subject_government_and_politics,ckan_keywords_government finances,0.103599146689,0.28,10,2,2064,2064
ckan_subject_government_and_politics,ckan_keywords_hires,0.0202568283567,0.00216333153056,10,2,2064,2064
ckan_subject_government_and_politics,ckan_keywords_inactive status,0.0202568283567,0.00216333153056,10,2,2064,2064
ckan_subject_government_and_politics,ckan_keywords_indeterminate employee,0.0202568283567,0.00216333153056,10,2,2064,2064
ckan_subject_government_and_politics,ckan_keywords_leave type,0.0202568283567,0.00216333153056,10,2,2064,2064
ckan_subject_government_and_politics,ckan_keywords_occupational group,0.0202568283567,0.00216333153056,10,2,2064,2064
ckan_subject_government_and_politics,ckan_keywords_office,0.0202568283567,0.00216333153056,10,2,2064,2064
ckan_subject_government_and_politics,ckan_keywords_office of the chief human resources officer,0.0202568283567,0.00216333153056,10,2,2064,2064
ckan_subject_government_and_politics,ckan_keywords_part time,0.0202568283567,0.00216333153056,10,2,2064,2064
ckan_subject_government_and_politics,ckan_keywords_promotion,0.0202568283567,0.00216333153056,10,2,2064,2064
ckan_subject_government_and_politics,ckan_keywords_psea,0.0202568283567,0.00216333153056,10,2,2064,2064
ckan_subject_government_and_politics,ckan_keywords_public finance,0.103599146689,0.28,10,2,2064,2064
ckan_subject_government_and_politics,ckan_keywords_receiver general,0.0520672665597,0.0680023643444,10,4,2064,2064
ckan_subject_government_and_politics,ckan_keywords_registered education savings plan - resp,0.00603370772761,0.00826446280992,10,2,2064,2064
ckan_subject_government_and_politics,ckan_keywords_resources,0.0202568283567,0.00216333153056,10,2,2064,2064
ckan_subject_government_and_politics,ckan_keywords_resp withdrawals,0.00603370772761,0.00826446280992,10,2,2064,2064
ckan_subject_government_and_politics,ckan_keywords_retirement without penalty eligibility,0.0202568283567,0.00216333153056,10,2,2064,2064
ckan_subject_government_and_politics,ckan_keywords_seasonal employee,0.0202568283567,0.00216333153056,10,2,2064,2064
ckan_subject_government_and_politics,ckan_keywords_secretariat,0.0202568283567,0.00216333153056,10,2,2064,2064
ckan_subject_government_and_politics,ckan_keywords_separate agencies,0.0202568283567,0.00216333153056,10,2,2064,2064
ckan_subject_government_and_politics,ckan_keywords_tax policy,0.103599146689,0.28,10,2,2064,2064
ckan_subject_government_and_politics,ckan_keywords_taxation policy,0.103599146689,0.28,10,2,2064,2064
ckan_subject_government_and_politics,ckan_keywords_treasury,0.0202568283567,0.00216333153056,10,2,2064,2064
ckan_subject_government_and_politics,ckan_keywords_treasury board secretariat,0.0202568283567,0.00216333153056,10,2,2064,2064
ckan_subject_government_and_politics,ckan_subject_economics_and_industry,0.307450675455,0.28,10,16,2064,2064
ckan_subject_government_and_politics,ckan_subject_information_and_communications,0.0138251135455,0.08,10,4,2064,2064
ckan_subject_health_and_safety,ckan_keywords_accident,0.00603370772761,0.0004,5,2,2064,2064
ckan_subject_health_and_safety,ckan_keywords_arson,0.00603370772761,0.0004,5,2,2064,2064
ckan_subject_health_and_safety,ckan_keywords_bomb,0.00603370772761,0.0004,5,2,2064,2064
ckan_subject_health_and_safety,ckan_keywords_campaign,0.00603370772761,0.00390625,5,2,2064,2064
ckan_subject_health_and_safety,ckan_keywords_catastrophe,0.00603370772761,0.0004,5,2,2064,2064
ckan_subject_health_and_safety,ckan_keywords_conflict,0.00603370772761,0.0004,5,2,2064,2064
ckan_subject_health_and_safety,ckan_keywords_derailment,0.00603370772761,0.0004,5,2,2064,2064
ckan_subject_health_and_safety,ckan_keywords_drought,0.00603370772761,0.0004,5,2,2064,2064
ckan_subject_health_and_safety,ckan_keywords_earthquake,0.00603370772761,0.0004,5,2,2064,2064
ckan_subject_health_and_safety,ckan_keywords_environmental radioactivity monitoring,0.00603370772761,0.00591715976331,5,2,2064,2064
ckan_subject_health_and_safety,ckan_keywords_explosion,0.00603370772761,0.0004,5,2,2064,2064
ckan_subject_health_and_safety,ckan_keywords_explosive,0.00603370772761,0.0004,5,2,2064,2064
ckan_subject_health_and_safety,ckan_keywords_hijacking,0.00603370772761,0.0004,5,2,2064,2064
ckan_subject_health_and_safety,ckan_keywords_hurricane,0.00603370772761,0.0004,5,2,2064,2064
ckan_subject_health_and_safety,ckan_keywords_incident,0.00603370772761,0.0004,5,2,2064,2064
ckan_subject_health_and_safety,ckan_keywords_infestation,0.00603370772761,0.0004,5,2,2064,2064
ckan_subject_health_and_safety,ckan_keywords_landslide,0.00603370772761,0.0004,5,2,2064,2064
ckan_subject_health_and_safety,ckan_keywords_leak,0.00603370772761,0.0004,5,2,2064,2064
ckan_subject_health_and_safety,ckan_keywords_meteorological,0.00603370772761,0.0004,5,2,2064,2064
ckan_subject_health_and_safety,ckan_keywords_national monitoring section,0.00603370772761,0.00591715976331,5,2,2064,2064
ckan_subject_health_and_safety,ckan_keywords_nuclear,0.00603370772761,0.0004,5,2,2064,2064
ckan_subject_health_and_safety,ckan_keywords_nutrition facts table,0.00603370772761,0.00390625,5,2,2064,2064
ckan_subject_health_and_safety,ckan_keywords_power failure,0.00603370772761,0.0004,5,2,2064,2064
ckan_subject_health_and_safety,ckan_keywords_radiation monitoring,0.00603370772761,0.00591715976331,5,2,2064,2064
ckan_subject_health_and_safety,ckan_keywords_radiation protection bureau,0.00603370772761,0.00591715976331,5,2,2064,2064
ckan_subject_health_and_safety,ckan_keywords_radioactivity,0.00603370772761,0.00591715976331,5,2,2064,2064
ckan_subject_health_and_safety,ckan_keywords_riot,0.00603370772761,0.0004,5,2,2064,2064
ckan_subject_health_and_safety,ckan_keywords_solar flare,0.00603370772761,0.0004,5,2,2064,2064
ckan_subject_health_and_safety,ckan_keywords_storm,0.00603370772761,0.0004,5,2,2064,2064
ckan_subject_health_and_safety,ckan_keywords_storm surge,0.00603370772761,0.0004,5,2,2064,2064
ckan_subject_health_and_safety,ckan_keywords_technological,0.00603370772761,0.0004,5,2,2064,2064
ckan_subject_health_and_safety,ckan_keywords_terrorist,0.00603370772761,0.0004,5,2,2064,2064
ckan_subject_health_and_safety,ckan_keywords_tornado,0.00603370772761,0.0004,5,2,2064,2064
ckan_subject_health_and_safety,ckan_keywords_tritium,0.00603370772761,0.00591715976331,5,2,2064,2064
ckan_subject_health_and_safety,ckan_keywords_volanco,0.00603370772761,0.0004,5,2,2064,2064
ckan_subject_health_and_safety,ckan_keywords_wildfire,0.00603370772761,0.0004,5,2,2064,2064
ckan_subject_health_and_safety,ckan_keywords_youth,0.00603370772761,0.00390625,5,2,2064,2064
ckan_subject_health_and_safety,ckan_subject_economics_and_industry,0.0613290517912,0.0,5,16,2064,2064
ckan_subject_information_and_communications,ckan_keywords_skills initiative advertising,0.00603370772761,0.0277777777778,4,2,2064,2064
ckan_subject_labour,ckan_keywords_average wage,0.00603370772761,0.00694444444444,5,2,2064,2064
ckan_subject_labour,ckan_keywords_salary,0.00603370772761,0.00694444444444,5,2,2064,2064
ckan_subject_labour,ckan_keywords_wages,0.00603370772761,0.00694444444444,5,2,2064,2064
ckan_subject_law,ckan_keywords_accelerated parole review,0.0286827349426,0.0136054421769,5,2,2064,2064
ckan_subject_law,ckan_keywords_conditional release decisions,0.0313521995765,0.142777777778,5,3,2064,2064
ckan_subject_law,ckan_keywords_conditional release review,0.0286827349426,0.0136054421769,5,2,2064,2064
ckan_subject_law,ckan_keywords_elder assisted hearing,0.0286827349426,0.0136054421769,5,2,2064,2064
ckan_subject_law,ckan_keywords_hearing,0.0286827349426,0.0136054421769,5,2,2064,2064
ckan_subject_law,ckan_keywords_parole,0.0600227074436,0.156383219955,5,4,2064,2064
ckan_subject_law,ckan_keywords_review,0.0286827349426,0.0136054421769,5,2,2064,2064
ckan_subject_law,ckan_keywords_statutory release,0.0286827349426,0.0136054421769,5,2,2064,2064
ckan_subject_law,ckan_keywords_unescorted temporary absence,0.0489314158778,0.0313832199546,5,3,2064,2064
ckan_subject_law,ckan_keywords_warrant expiry date,0.0286827349426,0.0136054421769,5,2,2064,2064
ckan_subject_nature_and_environment,ckan_keywords_environment,0.0473673221129,0.0397333726519,19,5,2064,2064
ckan_subject_nature_and_environment,ckan_keywords_nature,0.0444464923584,0.0596954902904,19,5,2064,2064
ckan_subject_nature_and_environment,ckan_keywords_pacific,0.0249272359481,0.113580246914,19,4,2064,2064
ckan_subject_nature_and_environment,ckan_keywords_species,0.0152177279943,0.0206135593113,19,4,2064,2064
ckan_subject_nature_and_environment,ckan_keywords_water quality,0.05638379013,0.067236007177,19,5,2064,2064
ckan_subject_nature_and_environment,ckan_subject_science_and_technology,0.0361333718383,0.156530719075,19,9,2064,2064
ckan_subject_nature_and_environment,ckan_topiccategory_biota,0.0365767860879,0.0901993581278,19,6,2064,2064
ckan_subject_persons,ckan_keywords_census of population,0.103415420168,4.86805555556,5,4,2064,2064
ckan_subject_persons,ckan_keywords_demography,0.0404688109114,0.5625,5,2,2064,2064
ckan_subject_persons,ckan_keywords_education,0.0245403230094,0.555555555556,5,2,2064,2064
ckan_subject_persons,ckan_keywords_language,0.0404688109114,0.5625,5,2,2064,2064
ckan_subject_persons,ckan_subject_economics_and_industry,0.0390412261539,0.0,5,16,2064,2064
ckan_subject_science_and_technology,ckan_keywords_scientific research,0.0171311143184,0.0148060486522,9,3,2064,2064
ckan_subject_society_and_culture,ckan_keywords_benefits,0.0157963820015,0.1875,13,2,2064,2064
ckan_subject_society_and_culture,ckan_keywords_cpp,0.0268924320076,0.409722222222,13,3,2064,2064
ckan_subject_society_and_culture,ckan_keywords_environmental indicators,0.123000259837,0.132776798801,13,12,2064,2064
ckan_subject_society_and_culture,ckan_keywords_water,0.0625324494862,0.059690506982,13,6,2064,2064
ckan_subject_transport,ckan_subject_economics_and_industry,0.0184722104721,0.0,2,16,2064,2064
ckan_topiccategory_economy,ckan_keywords_ei,0.121149890544,0.944444444444,2,2,2064,2064
ckan_topiccategory_economy,ckan_keywords_employment insurance,0.121149890544,0.944444444444,2,2,2064,2064
ckan_topiccategory_economy,ckan_keywords_mar,0.121149890544,0.944444444444,2,2,2064,2064
ckan_topiccategory_economy,ckan_subject_labour,0.121149890544,0.944444444444,2,5,2064,2064
ckan_topiccategory_environment,ckan_keywords_canada warbler,0.00603370772761,0.01,13,2,2064,2064
ckan_topiccategory_environment,ckan_keywords_downloadable data,0.00603370772761,0.01,13,2,2064,2064
ckan_topiccategory_environment,ckan_keywords_harlequin duck; range map; downloadable data,0.00603370772761,0.015625,13,2,2064,2064
ckan_topiccategory_environment,ckan_keywords_ontario,0.149683304891,0.0149033325115,13,4,2064,2064
ckan_topiccategory_environment,ckan_subject_nature_and_environment,0.245004126974,0.160797023228,13,19,2064,2064
ckan_topiccategory_environment,ckan_topiccategory_society,0.0909530372335,0.081847672928,13,7,2064,2064
ckan_topiccategory_health,ckan_keywords_drinking water,0.0120670766379,0.00982340976331,3,3,2064,2064
ckan_topiccategory_oceans,ckan_keywords_atlantic - prince edward island (pe),0.00603370772761,0.00390625,2,2,2064,2064
ckan_topiccategory_utilities_communication,ckan_keywords_vacancy rates,0.0286827349426,0.375,3,2,2064,2064
